customer_id,name,email,phone,address
1,Robert Scott,swansongregory@yahoo.com,2604864093,"773 Williams Summit Suite 639, Brianbury, NC 73655"
2,Aaron Yoder,benderalicia@evans-stewart.com,8891433320,"USCGC Gonzalez, FPO AA 80606"
3,James Park Jr.,yhardy@yahoo.com,1282403814,"281 Matthew Ways, Obrienview, MN 10166"
4,Tommy Cox,markcruz@sanders.com,1704472455,"247 Love Hollow Apt. 686, North Angelaburgh, OR 07450"
5,Linda Miller,kristibernard@kennedy.com,2170370101,"5997 Doyle Plaza, Thomasbury, WA 45339"
6,Noah Clark,bradleywagner@hotmail.com,0316609480,"244 Burns Circles, East David, CT 08000"
7,Shane Torres,floreskayla@riggs-hull.com,9665919363,"2944 Juan Cliffs Apt. 850, West Matthew, MT 15764"
8,Alan Evans,nicole16@gmail.com,2996629456,"60739 Scott Junction, Port Alexander, NH 70543"
9,Colin Anderson,brandijones@price.com,1249787048,"330 Rich Lake, East Danielleville, SC 37102"
10,Maurice Gonzalez,warnervanessa@hansen-fernandez.info,3079870550,"352 Gonzales Loop, Torresmouth, KY 44783"
11,Willie Moore MD,kristysims@gmail.com,6859348542,"052 Johnson Route, Marksshire, VT 71612"
12,Dawn Brown,wilsonjeffrey@ibarra-morris.com,7670767369,"PSC 2161, Box 4504, APO AE 77631"
13,Samantha Harris DDS,cmerritt@hotmail.com,4719097466,"184 Mueller Prairie Apt. 519, Hughesfort, SC 12646"
14,Kimberly Myers,scott96@jones.info,5300669412,"93131 Samantha Key, South Stephenside, CT 29681"
15,Christopher Ryan,pbradley@porter.biz,7542413993,"744 Jessica Corners Suite 208, Millerville, OH 25362"
16,Holly Collins,amybrown@gmail.com,7560289266,"7156 Castillo Inlet, Jacobburgh, WV 43102"
17,David Wilson,riverafrancisco@yahoo.com,0411868725,"6074 Stanley Curve Apt. 897, Traceychester, FL 98937"
18,Ashley Joseph,shanesparks@hotmail.com,9827818201,"26972 Lauren Views, Dennisport, MS 10659"
19,Yolanda Bennett,holmesbrian@cox.net,9079555586,"134 Harris Estates Suite 174, Dunlapland, ND 43588"
20,Paige White,maxwellmatthew@hotmail.com,8379134711,"881 Melissa Centers Apt. 087, New Samanthatown, NC 08564"
21,Phillip Garner,sarah31@curtis-hawkins.org,9156857628,"50044 Gaines Orchard Apt. 870, Bryantshire, WV 31535"
22,Brandon Henderson,paul53@williamson.biz,9278101847,"757 Lloyd Cape Suite 153, Vincentport, VA 36662"
23,Alexandra Sanchez,johnsonwilliam@hotmail.com,9129882560,"USNV Dunlap, FPO AE 48125"
24,Eric Coleman,molinaerika@morrison.info,0097942239,"0122 Joshua Burgs, North David, UT 40953"
25,Ashley Patton,beth15@yahoo.com,9799716253,"Unit 9047 Box 1219, DPO AE 75531"
26,Daniel George,hrodgers@yahoo.com,7587363567,"51069 Jones Vista, Nicolestad, AR 22610"
27,Stacey Martin,paulochoa@gmail.com,5719953337,"0849 Brian Manor, West Ginatown, TX 46203"
28,Allison Fuller,saracarr@gmail.com,5029645903,"7092 Schroeder Estates Apt. 643, Floresborough, KS 33273"
29,Amanda Monroe,jillian95@thompson.com,6714888073,"030 Alice Ridges, North Sara, OH 41951"
30,Norma Smith,lynn51@vang.org,1116932443,"466 Gerald Estates, South Jasmine, OK 40814"
31,Tracy Wood,robert45@gmail.com,1223897304,"257 Jose Estates Suite 711, Lake Debrabury, DC 27946"
32,Thomas Smith,melissa98@campbell.biz,5765387868,"3907 Roberts Ridges, Lake Jenniferberg, IL 83426"
33,Lisa Huffman,todd04@young.info,1254662452,"464 Charles Cliffs, East Samuelville, MO 44775"
34,Bryan Gutierrez,shortjames@hernandez.com,9248386683,"4572 Lam Plains, West Justin, OR 23557"
35,Robert Brown,rperkins@hernandez.info,7310141845,"67470 Skinner River Apt. 868, Port Jamesside, NC 15196"
36,Alexandra Sullivan,vmyers@noble-sutton.biz,8056163125,"5590 Mccall Isle, Martinmouth, PA 83325"
37,Loretta White,watkinsellen@cole.com,5442198331,"PSC 9049, Box 7779, APO AE 11218"
38,John Walters,antonio61@hahn.org,2797603386,"39682 Michael Cove Suite 853, Janeshire, RI 17991"
39,Nicholas Edwards,taragraham@robertson.com,3673467201,"033 Macdonald Oval, Annetteland, KY 59037"
40,Ashley Grant,alejandrorobertson@gmail.com,0851257954,"01304 Tina Village Apt. 309, Hortonburgh, SC 26749"
41,Derrick Williams,matthewhayes@hotmail.com,2068453411,"23334 John Ports, Lake Kelseyhaven, ID 21500"
42,Kevin Costa,davischristopher@yahoo.com,6392862518,"9678 Stephanie Well Suite 749, East Michaelmouth, UT 28507"
43,John Carlson,autumnwilliams@gmail.com,4247608488,"20685 Brian Circles, Oliviastad, DC 15091"
44,Sarah Peterson,cynthia64@williamson-chambers.com,3437790123,"687 Juan Shoal Apt. 830, Bellfurt, WA 45037"
45,Chelsea Lewis,davidsantiago@yahoo.com,2045427312,"318 Jordan Lodge, Burnston, NY 33807"
46,Christine Spears,grahamwilliam@smith.com,5589360283,"3148 Frank Ports, Lake Mark, OH 85429"
47,Linda Parker,bcastro@yahoo.com,9365402732,"078 Rogers Skyway Apt. 061, New Brendaside, UT 99282"
48,Anne Brown,youngmichael@evans.info,5361900290,"08318 Michael Knoll Apt. 549, Jamesstad, VT 11781"
49,Wesley Hodge,daniel65@yahoo.com,7750010602,"1061 Christopher Squares, Johnnyport, KS 00616"
50,Shelby Brooks,john48@hotmail.com,7426904849,"PSC 2955, Box 6725, APO AE 47404"
51,Jane Henry,huntlucas@hotmail.com,0582585504,"5523 Brenda Ridges, Schmidtfort, ME 59612"
52,Theresa Simmons,dgray@gmail.com,0291735513,"746 Loretta Flats, New Bethburgh, IL 92128"
53,Tina Hunter,kimberly92@hotmail.com,3508384608,"457 Angela Springs Apt. 172, Nicoleport, KY 83702"
54,Shelia Melendez,cassandra67@gmail.com,6763487630,"45412 Joshua Port, Krystalstad, CA 38256"
55,Andrew Lee,elizabethrodriguez@freeman.info,0734938095,"6773 Shah Branch Apt. 995, Lake Mary, FL 91922"
56,Jack Peterson,oscar67@hotmail.com,7296504340,"96712 Edwards Point Apt. 872, East Ann, CT 90756"
57,Gregory Ortiz,victorwatkins@hotmail.com,7159782575,"7615 Noah Trafficway, Lake Manuelfurt, NH 10958"
58,Donald Rogers,anthony69@berger.com,6508575965,"013 Alexander Mountain, Christopherstad, MS 87857"
59,Paul Rodriguez,nicole93@hotmail.com,7853632813,"1592 Gregory Wall Apt. 628, North Jonathan, MN 65126"
60,Laurie Gardner,markchandler@li.com,5459055188,"96145 Elizabeth Drive, East William, MD 01137"
61,Wendy Hamilton,tiffanysavage@hotmail.com,5630994398,"033 Ruiz Common, Peggymouth, NH 58564"
62,Leslie Diaz,zaguilar@robinson-griffin.com,6730898089,"14705 Robert Port, Garcialand, TN 55507"
63,Ronald Smith,andersonamy@mccoy-martinez.com,3873620980,"364 Tyler Expressway Suite 892, Lake Adrianton, DC 25809"
64,Heather Foster,rossstephanie@brown.com,4192460391,"647 Charles Brooks, Port Eric, IA 96410"
65,Melissa Hansen,jerryjoseph@wallace-torres.com,5624596984,"70528 Bishop Mission Apt. 652, Calebstad, IN 59277"
66,Kayla Wang,hammondkristen@gmail.com,5874043201,"891 White Oval, Johnathanchester, GA 50932"
67,Austin Sanchez,lwang@gmail.com,3537610645,"0545 Samuel Terrace Apt. 063, Jonesshire, MS 84128"
68,Sarah Lucero,matthewjackson@hotmail.com,0988458968,"063 Sanders Island, New Jonathanton, TN 94867"
69,Ryan Vincent,rjones@gmail.com,5566912427,"9022 Griffin Roads, New John, NC 48886"
70,Ronald Davis,qjoyce@pope.org,1551753257,"39775 Patterson Camp Suite 981, Greenehaven, ND 59793"
71,Tina Vaughn,wumargaret@collier.net,6213150638,"USNS Shaw, FPO AE 84563"
72,Amanda Cortez,newmandennis@yahoo.com,9125189853,"PSC 8638, Box 7961, APO AE 21893"
73,Michael West DDS,lindsaytaylor@hotmail.com,5076872929,"92767 Martinez Canyon, Sanchezfurt, NM 91875"
74,Rebecca Meyer,robinsonmallory@chase.info,8071240687,"839 Janice Trail Suite 410, South Dawn, NM 04007"
75,Charles Henry,stephanie16@gmail.com,2005600000,"8793 Brian Bridge Suite 669, Saraview, CT 85110"
76,Gary Byrd,masonbeth@yahoo.com,5136301425,"121 Freeman Summit, South Judithton, WV 80624"
77,Bryan Graham,robert67@gmail.com,2289328958,"382 Gabrielle Island Suite 845, New Summer, ME 13922"
78,Nicholas Duran,fullerralph@yahoo.com,9321225352,"42506 Salinas Curve, Jermainebury, AR 14541"
79,Jordan Thomas,daniel53@hernandez-dominguez.com,2759087532,"Unit 4767 Box 0305, DPO AP 14379"
80,Donna Fox,gmiller@jenkins-lang.org,3720654726,"4372 Chad Street, Schultzstad, AZ 72971"
81,Colton Meyer,nphillips@smith-sutton.com,7227445614,"3252 Owens Prairie, West Lindsayberg, ME 43006"
82,Jonathan Sloan,zrichardson@yahoo.com,9584079544,"7215 Melissa Lane, Schwartzside, LA 55988"
83,Courtney Collins,ryan06@williams.net,1535980816,"4284 Kurt Manors, Mitchellborough, KY 25042"
84,Kevin Nunez,gdavis@hotmail.com,1580334186,"376 Daniel Cliff, West Patriciahaven, GA 79939"
85,Erin Hill,qsnow@johnson-flores.net,9667240078,"PSC 9438, Box 3520, APO AP 19945"
86,Nathan Price,tbates@hotmail.com,1467173869,"7868 Paul Extensions, West Andrewport, AK 49384"
87,Jeremy Smith,aprildouglas@hotmail.com,7302242461,"267 Mills Heights, East Stephanietown, NE 90542"
88,Jerry Townsend,brittanyhunter@scott.com,2542184806,"3169 Kenneth Hills, Port Elizabeth, MT 02659"
89,John Castillo,knightjessica@simmons.com,4138943139,"790 Miller Cliffs Apt. 963, Lake Heatherview, KY 15085"
90,Gerald Young,kimberly01@yahoo.com,1981447604,"44450 Lauren Course Suite 440, North Robertchester, NJ 47901"
91,Christian Palmer,barkerjennifer@hotmail.com,5890249323,"Unit 4099 Box 2131, DPO AE 70346"
92,Michael Forbes,jodi79@park-gregory.com,7436365909,"82333 Stephanie Fort, Simpsonberg, OK 37331"
93,Caitlyn Martinez,charles70@howell.com,7085862941,"96750 William Streets Suite 130, Port Elizabeth, HI 90715"
94,Kelli Chavez,charlesobrien@gmail.com,2597398947,"9656 Anderson Mount, East Danielleville, MD 52678"
95,Jeffrey Jennings,steven39@smith.biz,5529251406,"62764 Ramos Crossing Apt. 268, Tiffanytown, VT 06231"
96,William Robinson,awilkerson@hotmail.com,4579251213,"844 Thomas Ville, Whitebury, WY 08544"
97,Wendy Howard,mguerrero@gmail.com,0403556748,"3395 Mcdonald Circles, Carolynland, FL 48502"
98,Jimmy Patterson,sydneyanderson@macdonald-mckee.info,6503057352,"1646 Miguel Meadows Apt. 952, Garciastad, AK 20069"
99,Daniel Shaw,rebeccarowe@cooper.com,1274701795,"9722 Daniel Ford Apt. 042, East Brendashire, VA 72140"
100,Diane Grant,mgrimes@yahoo.com,0431269748,"8785 Hayden Harbors, Port Crystal, IN 38147"
101,Andre Webster,qjohnson@gmail.com,6299405325,"584 Sean Parkways Suite 716, North Thomasside, NE 43895"
102,Thomas Martinez,deborah60@meza-webb.com,3455854309,"Unit 7332 Box 0568, DPO AE 07529"
103,Kevin Moore,schavez@gmail.com,9697545372,"9593 Garcia Courts Suite 524, Lake William, LA 88195"
104,Christopher Owens,ellen76@bell.com,9308411073,"69872 Karen Springs, Davidville, MO 37367"
105,Kenneth James,mitchellhaley@mcgee.org,9921297346,"454 Lang Fork, West Cynthia, VA 76425"
106,Gloria Glenn,bishopmichael@scott.com,2130685197,"62148 Larry Club, Robertchester, NJ 17931"
107,Mallory Rollins,qgonzalez@gmail.com,5513728897,"13144 Victoria Green, North Johnathanville, ID 90802"
108,Bryce Tran,peter15@yahoo.com,6512170740,"PSC 1426, Box 5025, APO AP 43295"
109,Robert Harvey,washingtonthomas@browning.biz,6075601525,"54068 Christy Landing Apt. 351, Port Christina, MT 49891"
110,Jeffrey Peterson,juliescott@hotmail.com,1161051320,"33576 Murphy Street, North Nicole, ND 39879"
111,Samantha Dunn,regina04@nelson.org,4881696930,"3165 Angela Fort Apt. 581, North Karenmouth, NE 49680"
112,Julie Williams,perezlori@bradford.com,4050580358,"7695 Davis Junction Apt. 216, Port Travis, IN 98174"
113,Eric Jones,stacycollier@suarez.com,9459736741,"177 Dana Harbors Apt. 010, Valerieland, NY 65444"
114,Ryan Cooper,gwendolyncharles@gmail.com,1631444076,"5585 Scott Hollow, Perezton, AL 52266"
115,Rebecca Nguyen DDS,loliver@johnson.com,0871561597,"USNV Porter, FPO AA 72176"
116,James Waters,hardinbrittany@hotmail.com,1145286034,"747 Kelley Walks, North Brian, OH 41493"
117,Kathy Cook,williamgreen@dunn-yang.com,2713190429,"516 Kevin Roads, Lake Lisa, LA 99496"
118,Mary Rivers,lhansen@yahoo.com,3128575146,"980 David Groves Suite 141, Port Victorborough, MO 73457"
119,Eric Hardin,katiereed@johnson.biz,8921435384,"48730 Guzman Keys, Margaretmouth, MI 25054"
120,Stephanie Miles,anelson@yahoo.com,3996239723,"0283 Nguyen Corners Suite 121, Sawyerside, TN 72254"
121,Erik Turner,samuel88@hotmail.com,4933320405,"5867 Autumn Club, Juliemouth, ND 19954"
122,Danielle Riley,vaughanjane@martinez.com,1188250496,"801 Joshua Ranch, Karenberg, WY 65145"
123,Mr. Dennis Ferguson DDS,cathy35@petersen.info,8891477469,"USNS Watson, FPO AE 45549"
124,Heather Higgins,williamsjoel@diaz.com,3626145536,"35350 Justin Light, Lisaland, AZ 30003"
125,Felicia Baker,michaelsutton@hotmail.com,1615227524,"876 Hayden Mews, Perezfurt, WV 61158"
126,James Jones,valeriemaldonado@gmail.com,7750924541,"980 James Terrace Suite 393, East Erinborough, WI 49643"
127,Christopher Valenzuela,imontgomery@gmail.com,4273904432,"82793 Carol Prairie, Paulburgh, ME 15507"
128,Mary Mccarthy,allendebra@hotmail.com,5971119978,"1915 Raymond Lock, Cameronton, VT 51565"
129,Terry Travis,udyer@gmail.com,4548756381,"35664 Krystal Route Apt. 200, New Shannonchester, IN 38336"
130,Jeffrey White,wrightashley@bradley.net,3026786903,"29604 Payne Cliffs, West Daniel, NM 28107"
131,Dwayne Green,hortonclaire@hotmail.com,3888006233,"23989 Craig Station, Jennifershire, IN 06884"
132,Debbie Morgan,lauragaines@yahoo.com,3205389372,"297 Shawn Via Suite 898, Neilhaven, CO 51444"
133,Erik Gonzales,osbornlindsey@gmail.com,8164764286,"8954 Monroe Gateway Apt. 364, South Camerontown, FL 56468"
134,Tina Hartman,thomasdanny@bennett.com,2487259299,"58297 Jacob Extensions, East Tina, WI 28023"
135,Eric Jennings,leahroberson@key-silva.com,6680957689,"7671 Howard Course, Leeview, NH 14084"
136,Michael Bennett,donnalittle@snyder.com,6804368288,"846 Barnes Locks Apt. 604, Jacksonchester, MA 29051"
137,Jeanette Gross,kathleensmith@gmail.com,1073646353,"PSC 2533, Box 5104, APO AE 19784"
138,Teresa Houston,twalker@hayden-smith.com,1488792100,"02669 Christina Pine, Elizabethville, AK 39271"
139,Benjamin Serrano,kimberly13@hotmail.com,4750779444,"940 Sharon Row Apt. 922, South Matthewfort, NM 95367"
140,David Lewis,brownjade@yahoo.com,2720733254,"0310 Michael View, Wilsonfort, MI 00691"
141,Jesus Ibarra,robert27@white.com,8207050458,"4281 Ian Fork, New Justin, ME 02716"
142,Barry Mejia,qwiggins@gmail.com,1291692048,"015 Contreras Manors Apt. 243, Baileystad, NV 53814"
143,Nathaniel Gilbert,bmckee@sanford-parks.com,5252365216,"49734 Misty Plain Suite 363, West Timothy, TN 44493"
144,Kelly Cardenas,phillipstara@yahoo.com,3341242725,"687 Joseph Mall, Jamesmouth, OR 08895"
145,Patrick Johnson,ostewart@gmail.com,8975134494,"3490 Sanchez Land, New Joseview, IN 57626"
146,Maurice Kim,jessicaobrien@burgess.org,2616238957,"89569 Peter Land, Amyborough, NE 24152"
147,Jenna Williams,laurabeasley@hotmail.com,4484649254,"442 Miguel Center Apt. 802, West Anthonymouth, IL 04432"
148,Tiffany Long,cory51@moore.net,3088439508,"35960 Cynthia Mill, Sarahburgh, TX 65681"
149,Tyler Watson,hickmangina@yahoo.com,0435487286,"7321 White Avenue, Millsport, ND 52339"
150,Evelyn Montoya,greenpaul@herman-williams.com,5402621111,"Unit 8183 Box 7279, DPO AP 98030"
151,Mr. Gregory Cervantes II,blozano@gmail.com,5039565244,"0560 Huynh Street Apt. 157, Warrentown, GA 29525"
152,Gina Erickson,xdyer@yahoo.com,5182470710,"29097 Marsh Islands, South Jamieville, HI 85652"
153,Samantha Davis,douglascarr@howard.com,1673050766,"4170 Courtney Wells Suite 839, Weaverville, AL 97381"
154,Maxwell Sanchez,wlarson@gmail.com,8542586741,"7121 Karl Alley Apt. 793, Perkinshaven, WY 40240"
155,Eric Pugh,heather40@hotmail.com,2977971904,"15557 Kevin Locks, Susanstad, IA 42040"
156,David White,alexistaylor@hotmail.com,7860535226,"8359 Christopher Inlet Apt. 723, South Aaronshire, CO 52532"
157,Courtney Faulkner,howarddavid@long.info,9318205400,"420 Ramirez Bridge Suite 487, East Andreaview, MS 27854"
158,Amber Jones,caldwellwilliam@hotmail.com,4123033840,"76390 William Station, Nguyentown, MT 53034"
159,Maria Marks,jenniferhughes@carter-may.com,1312408738,"Unit 9446 Box 5693, DPO AE 37011"
160,Thomas Franco,pamelabrown@yahoo.com,2550717971,"6984 Courtney Prairie, South Robertchester, AZ 18861"
161,Gary Dyer,andrewgoodman@white-williams.com,9090010213,"438 Thompson Curve, Michaelport, NV 54808"
162,Bruce Reed,robertschroeder@gmail.com,7193622779,"2431 Elizabeth Vista Suite 633, Aprilland, AK 38264"
163,Glenn Collins,lopezdeanna@bonilla-diaz.biz,5657633693,"67029 Stephen Divide Apt. 423, Lake Calvin, AZ 91820"
164,Lori Torres,plee@yahoo.com,1748397603,"2859 Ruben Courts Apt. 920, East Reginaldmouth, AZ 99849"
165,Zachary Rosales,johnmiller@wolfe.com,4032013768,"545 Taylor Extension, Fitzpatrickshire, KY 39507"
166,Mary Reed,williamschristopher@sweeney-lucas.org,1756992113,"002 Wolf Brooks, New Jane, ID 88442"
167,Marie Edwards,benjaminsanchez@gmail.com,1887825139,"7160 Becker Mountains Suite 166, Lake Waynemouth, OR 88350"
168,Justin Arellano,isaiahanderson@yahoo.com,6017181378,"11526 Pamela Radial Apt. 744, East Megan, ME 19158"
169,Jason Mcdonald,brittany40@hunter-hayes.com,4835666387,"9500 Pace Ports, Lake Kendrashire, AL 71286"
170,Dana Snyder,harrisandrew@pena.com,5849597639,"197 Riley Fields Apt. 093, Benjamintown, NM 13973"
171,Derrick Bell,khill@sims-rodriguez.com,3626648361,"52890 Murray Village, Ballside, TX 67699"
172,Robert Carlson,brownjeremy@perry.com,1153958475,"3913 Hall Radial Apt. 349, New Janice, MO 16775"
173,Shawn Graham,garciajessica@wilson.biz,7821534301,"702 Russell Mount, Johnfurt, NM 73719"
174,Andrew Martinez,bmoyer@gmail.com,4226598776,"78618 Farley Isle, East Billymouth, ND 69959"
175,Brianna Rodriguez,saramiller@gmail.com,9111288132,"86180 Thomas Court, West Tammyland, SD 56194"
176,Chris Farmer,tgarcia@mccoy.com,3889966210,"969 Foster Street Apt. 722, Sosaport, HI 06397"
177,William Hill,aolson@palmer.biz,8919891432,"PSC 6572, Box 1394, APO AP 24419"
178,Tiffany Todd,taylorcox@yahoo.com,6469868071,"2556 Leah Turnpike Suite 649, Osbornebury, AL 54943"
179,Morgan Duncan,charles30@martinez.biz,7460881383,"312 Fuller Views Suite 062, Connieton, NJ 47152"
180,Edwin Martin,jerryleblanc@johnson.net,8200874494,"92674 Joyce Expressway, Chanbury, MA 90528"
181,Benjamin Walker,smithrichard@yahoo.com,8412268289,"251 Linda Meadows, Lake Dean, MO 65937"
182,Jon Ball,janderson@fowler.com,0645096093,"USCGC Garza, FPO AE 61777"
183,Kenneth Wells,jeffery35@hotmail.com,0831038400,"9575 Robert Run Suite 662, Amberborough, CT 11864"
184,Denise Benton,qpatel@morse.com,6325631475,"20509 Lewis Meadows Suite 708, Edwardschester, KS 52987"
185,Frank Evans,jennifer73@young.com,8771994372,"306 Weiss Expressway, New Tinamouth, OK 66164"
186,Ashley Morgan,carrolldouglas@hotmail.com,1455564057,"Unit 4383 Box 8064, DPO AA 96541"
187,Jennifer Torres,tmurphy@hotmail.com,0432939692,"7067 Salazar Gardens, New Luis, DC 65748"
188,Lori Hunter,thompsonlisa@yahoo.com,0755563816,"265 Jacob Circles, North Karen, MO 96607"
189,Jackie Odonnell,jsalazar@gmail.com,2823110647,"63472 David Ranch, West John, WY 76596"
190,Thomas Mason,stonechristie@hamilton-olson.com,5244817182,"340 Richard Parkways, Butlerfurt, DE 38482"
191,Ryan Morgan,yroberts@hotmail.com,8625224342,"3597 Ashley Lodge, Port Rickyton, AL 50806"
192,Lisa Brown,abray@hudson.biz,1897758520,"9844 Sullivan Dale, Jessefurt, RI 68488"
193,Adam Graham,sethschwartz@short-santos.org,1943743979,"3099 Angela Isle, South Michaelchester, DE 94600"
194,Logan Payne,wendy91@yahoo.com,3647604807,"9770 Charles Gateway Suite 269, Sosaton, IA 35960"
195,Raymond Smith,brittanyross@thomas.com,1106502407,"20368 Gibson Ford Suite 833, Port Samantha, VT 42843"
196,Samantha Vazquez,uwallace@hotmail.com,4761791067,"128 Caitlin Circles Suite 416, South Scott, AL 29493"
197,Katie Taylor,faulkneranthony@yahoo.com,1672301686,"00478 Wagner Rest, Andersenstad, NJ 42637"
198,James Johnson,austincarol@hotmail.com,4203366324,"52662 Gardner Wall, Whitneyport, NC 03995"
199,David Brown,znorton@weiss.org,8953218626,"29942 Robinson Brook Apt. 256, Port Alexisstad, AR 46501"
200,Jack Evans,jaclyn71@gmail.com,5911553279,"81059 Justin Mission, West Angelaville, UT 98473"
