supplier_id,company_name,contact_name,contact_email,address
1,Molina-Gonzalez,Jeffrey Powell,mary39@gmail.com,"9302 Martin Crossroad Apt. 971, North Allison, NH 53619"
2,Costa LLC,Daniel Rogers,ivanmiller@pierce.biz,"68565 Burnett Knoll, Lake Brandi, SC 35506"
3,Ward-Lopez,William Higgins,caleb80@gmail.com,"USCGC Hunt, FPO AA 69061"
4,Ritter PLC,Elizabeth Perez,randy71@jordan.com,"647 Owens Port, New Marybury, OH 66923"
5,Powers-Clements,Justin Lee,xwalker@clark-zimmerman.com,"0083 Gilmore Dale Apt. 725, Davidfurt, FL 32062"
6,"Bryan, Willis and Cummings",Gina Wong,austin78@shaw.com,"58535 Glenn Camp, Cookhaven, AZ 92977"
7,"Lee, Brown and Fox",Donald Mahoney,tdaniels@gmail.com,"8383 Krause Spurs, Christophershire, MS 14577"
8,"Lucas, Levine and Hudson",Charles Murphy,dustinenglish@gmail.com,"68426 Jacob Inlet Apt. 983, Cookmouth, AR 64961"
9,"Berger, Sullivan and Leon",Charles Michael,robert45@torres.com,"45013 Marcus Parkway Suite 090, Alfredville, NV 51811"
10,Jones-King,Jennifer Brown,kentmolly@gmail.com,"Unit 8172 Box 6567, DPO AA 06656"
11,Garner-Campbell,Tara Leonard,lynnrobinson@hotmail.com,"Unit 6560 Box 7241, DPO AP 06069"
12,"Henry, Gamble and Koch",Rachel Peterson,richardwalker@yahoo.com,"8451 Thompson Highway Suite 772, Kayleeborough, RI 00899"
13,Davis-Lawrence,Lauren Meza,jason46@weiss-chang.com,"24327 Adam Green Suite 481, Elliston, TN 38585"
14,"Anderson, Lee and Chapman",Kevin Spears,nwilliams@yahoo.com,"573 Turner Club, North Madeline, ID 51376"
15,Davis PLC,Mary Miller,angelacohen@gmail.com,"Unit 6019 Box 6087, DPO AP 10036"
16,Ryan-Kaiser,Heather Acosta,aaronriddle@cline-curtis.biz,"6449 Harry Rest Apt. 215, Jamesside, SD 29017"
17,"Ryan, Campbell and Adams",David Casey,cruzkelly@hotmail.com,"402 Porter Course, North Danielle, DE 61870"
18,Clark-Carpenter,Zachary Allen,ulopez@hotmail.com,"2421 Price Trail Suite 861, Port Robinview, CT 89436"
19,Martinez Ltd,Jennifer Reynolds,gthompson@pham-chambers.com,"Unit 7111 Box 7379, DPO AE 68658"
20,Rogers Inc,Kevin Lloyd,william83@williams.com,"6694 Burton Ranch, Lewisstad, ID 02024"
21,"Lee, Hogan and Jones",Karla Hoffman,zacharymcdowell@yahoo.com,"USNV Dudley, FPO AA 15396"
22,Johnson-Wilkinson,Erin King,stevensonchad@gmail.com,"1742 Johnson Squares, Bruceport, NH 21645"
23,Moore Inc,Gerald Cole,william90@miller-chen.com,"754 Lawson Garden, Coleview, AL 21332"
24,Henderson LLC,Rebecca Hatfield,zrandolph@schultz.com,"5616 Morgan Station Suite 377, Karafort, GA 88323"
25,Keller LLC,Jeffrey Martinez,castrodavid@hotmail.com,"Unit 2976 Box 9584, DPO AP 90009"
26,Velasquez-Hernandez,Alicia Nichols,wthomas@yahoo.com,"5922 Rice Unions, Edwinview, PA 79593"
27,Hayden-Hayes,Michael Bray,fhopkins@gmail.com,"1281 Miller Terrace, Simpsonbury, GA 33322"
28,"Barron, Rose and Jones",Isabella Vang,elewis@gmail.com,"5873 Danielle Rapid, South Mallory, LA 19940"
29,"Gibbs, Jackson and Rocha",Desiree Ramirez,heatherkeith@yahoo.com,"309 Zhang Rest, Jacquelineside, TX 69947"
30,Conrad PLC,Taylor Davis,kperez@cooper.com,"542 Jones Avenue, North Scottmouth, DC 28571"
31,Byrd Inc,Edward Blake,ashley42@yahoo.com,"PSC 3216, Box 1315, APO AP 62698"
32,Lucas LLC,Kristen Sanchez,jacobkim@yahoo.com,"389 Joshua Walk, North Jessicaton, KY 84755"
33,Bond-Fletcher,Patrick Baldwin,plee@taylor-aguirre.com,"1038 Robert Port Suite 715, New Jamesfort, ME 04237"
34,"Gill, Wallace and Love",Brooke Durham,susanfletcher@gmail.com,"6260 David Extensions Suite 963, Hillport, UT 99146"
35,Gutierrez-Clements,Abigail Garcia,emily86@sosa.com,"8789 Bennett Roads, Millerview, AR 56447"
36,Gonzalez Ltd,Catherine Davis,andersoncassandra@hotmail.com,"PSC 9455, Box 4645, APO AA 22496"
37,Mitchell Group,Ryan Schultz,angela62@yahoo.com,"330 Brian Manors, Jeffreyland, AR 97028"
38,Frazier LLC,Robert Lloyd,melissajones@yahoo.com,"6415 Blackwell Rapid, Matthewshire, ME 98266"
39,"Hamilton, Smith and Richardson",Tiffany Porter,jwright@massey.com,"652 Catherine Prairie Suite 898, Williamsville, TN 47398"
40,Graham-Mcmahon,Mrs. Amber Wood,riverasara@gmail.com,"750 Weaver Stream, Mitchellfort, OR 14902"
41,"Dorsey, Koch and Schmidt",Matthew Ferguson,kimberly83@collins-kelly.com,"5334 Alicia Meadow Suite 447, East Eileen, PA 81987"
42,Adams Ltd,Katie Livingston,swilliams@gibson-murphy.org,"69772 Blackburn Ramp, East Robyn, GA 22538"
43,Keith LLC,Frank Morris,owensdaniel@ross.com,"469 Price Extensions Suite 486, East Justinbury, AL 25995"
44,Bryant PLC,William Martin,kayla16@hotmail.com,"PSC 1877, Box 5088, APO AE 65361"
45,Oliver PLC,Shannon Wiggins,stephen05@patterson.net,"9173 Joshua Grove, New Georgefurt, NV 89637"
46,"Ramirez, Middleton and Hawkins",Priscilla Bradford,jayphillips@kramer.com,"USCGC Andrews, FPO AA 72526"
47,"Valdez, Bradley and Barton",Megan Wilson,fbond@yahoo.com,"85147 Ashley Stream Apt. 279, Williamstad, DC 76646"
48,Smith-Tate,Chad Russell,sellersjennifer@yahoo.com,"4661 Collier Drive, Evansfort, OH 30940"
49,Richmond-Snyder,Curtis Gilbert,tperry@yahoo.com,"7346 Justin Pines, Tammymouth, NY 28965"
50,Flores-Wade,Michael Brown,betty05@yahoo.com,"6149 Stephen Well Suite 068, New Nancystad, OR 65781"
