rating_id,rating,rating_count,customer_id,product_id
RA1,4.2,"24,269",8aA54b9BFBA0aD2,B07JW9H4J1
RA2,4,"43,994",Ca907A9DDdE2126,B098NS6PVG
RA3,3.9,"7,928",BeB4EE902dcE991,B096MSW6CT
RA4,4.2,"94,363",Eaf80AAe54E31EA,B08HDJ86NZ
RA5,4.2,"16,905",ab7b2f257c7B3f3,B08CF3B7N1
RA6,3.9,"24,871",0AfaB4ede8Fc6E7,B08Y1TFSP6
RA7,4.1,"15,188",B7a9F9Aa35D4dcC,B08WRWPM22
RA8,4.3,"30,411",BA03c62Fd5Ffd6D,B08DDRGWTJ
RA9,4.2,"1,79,691",dcbA216fC09255E,B008IFXQFU
RA10,4,"43,994",BcA8aeaE335feB3,B082LZGK39
RA11,4.3,"13,391",df7bcDDeE57A6B1,B08CF3D7QR
RA12,4.2,"94,363",86DbFDB5DF753FE,B0789LZTCJ
RA13,4.4,"4,26,973",CDa47E8374AaAB4,B07KSMBL2H
RA14,4.2,"2,262",C3B6ab1b4Cb563d,B085DTN6R2
RA15,4.1,"4,768",dA3738F8Fa334cE,B09KLVMZ3B
RA16,4.4,"18,757",5bA23ea0B3Dff46,B083342NKJ
RA17,4.2,"32,840",b2BDA178e8DDE2c,B0B6F7LX4C
RA18,4,"43,994",BCed6Bc778E0952,B082LSVT4B
RA19,4.1,"13,045",8A0bF0cdCD3D5Cf,B08WRBG3XW
RA20,4.3,"11,976",f0db3AD5175FBef,B08DPLCM6T
RA21,4.5,815,A61Fe3B9a6Ddb77,B09C6HXFC1
RA22,3.7,"10,962",D50D23abB640878,B085194JFL
RA23,4.3,"16,299",48Cd14bdBD2c719,B09F6S8BT6
RA24,4,"9,378",1EcEdAD14BC7E8F,B09NHVCHS9
RA25,4.3,"4,703",26BAc4E2D7f2e1c,B0B1YVCJ2Y
RA26,4.2,"12,153",f63cA54Cbf5BeB8,B01M4GGIVU
RA27,4.2,"34,899",F792b8C8AcaF06B,B08B42LWKN
RA28,4,"2,766",9603dDDBD6cb1bF,B094JNXNPV
RA29,4.4,184,30e4F39fCD9d4bC,B09W5XR9RT
RA30,4.3,"20,850",3Af7F72CDC1f11C,B077Z65HSD
RA31,4.5,"74,976",8851Fa8DC620FD9,B00NH11PEY
RA32,4,"1,934",d11c4A1F8a7f5f7,B09CMM3VGK
RA33,4.3,974,Ff0635FfE887833,B08QSC1XY8
RA34,4.3,355,EF7475629Ef0f8b,B008FWZGSG
RA35,3.9,"1,075",aFD75E96E9a3d4e,B0B4HJNPV4
RA36,3.9,"24,871",F7fE6E0FbE700A6,B08Y1SJVV5
RA37,4.4,"13,552",f7499ED48026efa,B07XLCFSSN
RA38,4,576,a6B7BCABae4Aa10,B09RZS1NQT
RA39,4.2,"7,298",32B7A0Fa103c698,B0B3MMYHYW
RA40,4.2,462,cfaCBbdfC99A616,B09C6HWG18
RA41,4.5,"1,07,687",814C1Be57CBCdeD,B00NH11KIK
RA42,4.3,"27,151",D0cc89bac5fA9bB,B09JPC82QC
RA43,4.2,"24,269",46e7Ae11DABf3cF,B07JW1Y6XV
RA44,4.3,"12,093",716EfC3d22bb3f4,B07KRCW6LZ
RA45,4,"9,378",ee5Da0fCA1BdDcb,B09NJN8L25
RA46,3.3,"9,792",80299d79EBDdfEa,B07XJYYH7L
RA47,4.1,"8,131",C5d3A983dE8B7Af,B002PD61Y4
RA48,4.4,"4,26,973",F951d0d9d5fa400,B014I8SSD0
RA49,3.6,493,662221D2eb1A79b,B09L8DSSFH
RA50,4.2,"92,595",8D60704B7bF441F,B07232M876
RA51,4.4,"24,780",D41318e62Bc6C2B,B07P681N66
RA52,4.2,"92,595",5E1A0Cd772d3CbF,B0711PVX6Z
RA53,4.3,"8,188",c7C71FF0b8EEdDf,B082T6V3DT
RA54,4.2,"4,003",3eC1Bfd767484E2,B07MKFNHKG
RA55,4.1,314,bC9F8AFab72bc38,B0BFWGBX61
RA56,3.7,"2,960",cea58DbCC456e99,B01N90RZ4M
RA57,4.2,"1,79,691",5efD4ABe77bc9e7,B0088TKTY2
RA58,4.2,"34,899",F02b1bB2CEB0F5C,B09Q5SWVBJ
RA59,4.2,656,d144aeCa5F769CE,B0B4DT8MKT
RA60,4.3,"7,064",5080F7aAbFdf2b2,B08CDKQ8T6
RA61,3.7,"2,201",7F7e68Af94db6de,B07B275VN9
RA62,4.3,"7,109",c28715c2b7D9D48,B0B15CPR37
RA63,4,"1,313",CEF4632DAEd6EB0,B0994GFWBH
RA64,4.2,"29,746",EfFEf6a323b3DFA,B01GGKZ0V6
RA65,4.2,"45,238",Dc7EFFe6eEd2C5A,B09F9YQQ7B
RA66,4.4,"4,26,973",Cc34F6F64D48BDF,B014I8SX4Y
RA67,4.1,450,cff7B1a7DfAfe2B,B09Q8HMKZX
RA68,4.3,457,fC9Ff6cF9b3185a,B0B9XN9S3W
RA69,4.2,"2,727",8c293db36f8c733,B07966M8XH
RA70,4.3,"20,053",54CCFE6ef58c09B,B01GGKYKQM
RA71,4.5,149,7ACeDBF509A10B4,B0B86CDHL1
RA72,4.1,210,AacaB6cad6a2c69,B0B5ZF3NRK
RA73,4.2,"45,238",6ED19aad3BdDE89,B09RFC46VP
RA74,4,"7,732",dC26cDe880F3Cf7,B08R69VDHT
RA75,4.1,"1,780",fEcbd39000a28F1,B09RWZRCP1
RA76,4.1,602,F87E67b330836fA,B09CMP1SC8
RA77,4,"1,423",EdEdEAF8Dcc0dfa,B09YLXYP7Y
RA78,4.1,398,6FfDBdaB1Ff440C,B09ZPM4C2C
RA79,3.9,536,2B65aBC44ceA272,B0B2DJDCPX
RA80,4,32,1eB174E4ffaE708,B0BCZCQTJX
RA81,4.2,"24,269",e3c45E3E4FcCeA0,B07LGT55SJ
RA82,4,"9,378",df55EdA3cBCAF76,B09NKZXMWJ
RA83,3.4,902,208055eD4fEb05D,B08QX1CC14
RA84,4.4,"28,791",faF03D51fef9128,B0974H97TJ
RA85,4.2,"10,576",Bc6EB534Fb61B39,B07GVGTSLN
RA86,4.2,"7,298",464d7A4111c6c1E,B09VCHLSJF
RA87,4.3,"4,703",A2bAa723D8E27Ee,B0B1YZX72F
RA88,4.3,"7,109",ae334B81B76cFD2,B092BJMT8Q
RA89,4.5,127,f7E6886FD2e1f5a,B0BMXMLSMM
RA90,4.2,"24,269",3A9eFaCe6efbaEd,B07JH1C41D
RA91,3.6,"10,134",F9defC2B8cEBA63,B0141EZMAI
RA92,4.2,"34,899",94cceEcfd1Bdde8,B09Q5P2MT3
RA93,4.2,"94,363",BEeDBC92eFD6ee3,B08HDH26JX
RA94,4.1,425,EEdeca779CB3Be9,B09VT6JKRP
RA95,4.2,"6,659",DA8bBeAEf08Ca22,B09T3KB6JZ
RA96,3.7,"1,977",F3603661F39eAE0,B093QCY6YJ
RA97,3.8,"1,079",fEd696ee8D38c99,B093ZNQZ2Y
RA98,3.7,"1,097",12DACDcB2C13E88,B08LKS3LSP
RA99,4.5,"22,420",29f0D7dBdef8b72,B00V4BGDKU
RA100,4.1,"1,045",CCEEC4C82f90AF5,B08CHKQ8D4
RA101,4.3,"4,145",92F034ba08d300f,B09BW334ML
RA102,4.3,"6,547",d35d7832881aEF2,B082T6GVLJ
RA103,4,"1,588",de0d74D6faC29A9,B07DL1KC3H
RA104,4.2,"32,840",CeA1CDF1b2e5da9,B0B6F98KJJ
RA105,4.2,"13,120",A2f0E2B21C50bDc,B07JNVF678
RA106,4.3,"2,806",dfFaddffc0AafbC,B09QGZFBPM
RA107,4.2,"24,269",7eB1eb3bD6a641b,B07JGDB5M1
RA108,4.3,766,dD0EC1e6D50ec2f,B0981XSZJ7
RA109,4.3,"3,587",22ddbdB8dfafDDf,B0B9XLX8VR
RA110,3.9,"24,871",CfAdCDbF8F4aA2e,B08Y5KXR6Z
RA111,4.1,"2,581",ffaBE254CFF9A37,B09F6VHQXB
RA112,4.3,"20,850",75e1B0ECAD06F60,B0974G5Q2Y
RA113,4.3,"1,035",eCE0D2bAeB9e1b3,B09YL9SN9B
RA114,4.1,"1,780",acBD5ffeF8edB7b,B09RX1FK54
RA115,4.5,505,ce3Fa71411d9E29,B09TT6BFDX
RA116,4.1,"1,717",d62EE655C8FaAd1,B09KH58JZR
RA117,3.6,590,1C69de8ACc7de36,B09DDCQFMT
RA118,3.5,"1,121",0c851DAE4231CcD,B08RP2L2NL
RA119,4,"1,313",6DEa5aDE36ebDdC,B0B4G2MWSB
RA120,3.8,132,C23EF411fea2C27,B0B21C4BMX
RA121,4.4,"1,951",A8CFadf479eb7cD,B084MZXJNK
RA122,3.7,37,F3Ef8F0aa4F978e,B0BHZCNC4P
RA123,4.3,592,35410Aaab1E8d27,B0B16KD737
RA124,4.1,"1,259",3FBeABF4e0DF6B3,B099K9ZX65
RA125,4.2,"45,238",aeCDFAEf2b73b1b,B08Y55LPBF
RA126,4.1,"28,638",AF693CE1dFfC7ca,B015OW3M1W
RA127,4.3,"12,835",26cEE7e6f11d481,B01D5H8ZI8
RA128,4.2,"1,269",E53C852Bd3Aa11a,B09X1M3DHX
RA129,4.2,284,F0AeB1FaEcA9f12,B09MM6P76N
RA130,4.4,"69,538",0aBcbaD0A4f8573,B01D5H8LDM
RA131,4.3,"4,703",af20a06ceFf8C58,B0B1YY6JJL
RA132,4.3,"2,806",4C69642aceA8616,B09QGZM8QB
RA133,4,"3,295",CB9Ee7105dCbc26,B08L4SBJRY
RA134,3.9,81,fA0e2E2ABE8b1CE,B09X79PP8F
RA135,4.2,"42,301",ce0bCeb4e42f2B4,B082T6GVG9
RA136,4.3,"1,376",c29De5bE137A69C,B0B3XY5YT4
RA137,3.9,"1,075",c38Ad57cB249eFd,B0B4HKH19N
RA138,4.6,"3,664",aBbddcDd5B1e57E,B08TGG316Z
RA139,3.9,"1,951",4c0776B2c1996Ce,B071VMP1Z4
RA140,4.3,"20,850",daaC8C1AC11BcaC,B071SDRGWL
RA141,4.1,"2,685",4bf5ABF20f3b8B1,B08PSQRW2T
RA142,4.4,"24,780",cc4AF4bDAedc57d,B0859M539M
RA143,3.2,285,fE327893b742CdF,B08RX8G496
RA144,4.2,"1,79,692",7aa0bBb2c8afBfc,B002SZEOLG
RA145,4.2,"6,088",7ffAA1E07F46DBC,B08CS3BT4L
RA146,3.7,"1,383",4f610f6dFaEEc2d,B00RFWNJMC
RA147,4.5,"5,492",e71B43A66df8636,B082T6GXS5
RA148,4.2,919,4d88a544Fb359e5,B09CMQRQM6
RA149,4.2,"30,023",19B8bA4a0b7D6Ff,B005LJQMCK
RA150,4.2,387,dF6AeDc714Ce39e,B09C6H53KH
RA151,4.1,211,F5Ffd5A23f12d68,B0BB3CBFBM
RA152,4.3,974,3B6FEB4DC7FA6B2,B08QSDKFGQ
RA153,4.3,"16,299",eCBaf733F3bCB28,B08PV1X771
RA154,4.3,"30,411",4b67bfFCAe4853A,B07YTNKVJQ
RA155,3.4,"4,642",Dd543AddaA3fC82,B0117H7GZ6
RA156,4.3,12,c672a7Ec1652ddd,B09XJ1LM7R
RA157,4.4,"1,951",12f9Ee9f736Ae49,B084N133Y7
RA158,3.9,"10,480",4bFE54FbDef41bb,B088Z1YWBC
RA159,4.1,24,deCf41e6dE5A2EE,B07VSG5SXZ
RA160,3.9,254,85DdA1C16E698b1,B08RWCZ6SY
RA161,4,"3,565",7B4F36a6219AC88,B07KSB1MLX
RA162,4.3,"6,255",7dA33Ad5c070D88,B081FG1QYX
RA163,4,"7,732",CB0dFD3dFEFC89D,B08R69WBN7
RA164,3.9,57,F190def0c97C7fb,B0B3RHX6B6
RA165,4.5,577,b56DBfAb47B35c4,B084N18QZY
RA166,3.9,"1,193",ebc09AA8FA8FaB0,B081NHWT6Z
RA167,4.2,"13,120",07d7D6b224b1da6,B07JPJJZ2H
RA168,4,343,fF2AEa722BC012f,B09JKNF147
RA169,4.3,"1,611",947D9Db2F6e9Be5,B0B9959XF3
RA170,4,"6,558",Fb7B38BAF8039EF,B09PNR6F8Q
RA171,4.4,"23,169",03fCfEAabA5Ecf7,B07M69276N
RA172,4.3,"4,703",9529A4dfB4B52Ef,B0B1YZ9CB8
RA173,4,"1,423",7e5DFDD7dFE1BDF,B09YLYB9PB
RA174,4.3,"2,651",f0bb2a55Ad3Aa69,B08CTNJ985
RA175,5,5,4FEEa0fF0e0Ac9d,B0BP7XLX48
RA176,3.7,612,3AfEEA3D9f4F5dd,B09LHXNZLR
RA177,4,"9,378",5dcDfDA17Ea8cEF,B0B3N8VG24
RA178,4.1,"2,685",DEEAA04b41118F5,B08PSVBB2X
RA179,4,"9,378",B6dBC8370Cbe4aa,B0B3MQXNFB
RA180,3.3,576,C3Bd60F154D89eA,B08XMSKKMM
RA181,3.8,313,514d9F33d1af80B,B09L8DT7D6
RA182,4.1,"2,957",93Eb9e9a68e3259,B00GE55L22
RA183,4.1,"6,736",2cfCbDE516cE9E6,B0162K34H2
RA184,4.4,"13,552",5AFaAfa26C3EBeb,B0B8SRZ5SV
RA185,4.3,"5,451",68BC2EE928C6D72,B07CWNJLPC
RA186,4.3,"10,911",1CE0c8F2faEE040,B00NH12R1O
RA187,4.4,"13,552",60e9e40f260aaAB,B0B8SSC5D9
RA188,4.3,"2,806",2E58f1A238abeDf,B08WKG2MWT
RA189,3.9,350,d7Aec08D2fd9Bb5,B0B466C3G4
RA190,4.2,"30,023",0cd7CD6eF67CEE3,B005LJQMZC
RA191,4.2,"4,003",CF89d6ae45AAdFd,B07MDRGHWQ
RA192,4.1,"1,78,817",F6d0c75E3701EFa,B07DC4RZPY
RA193,4.3,"7,109",2d47defdb02DF9B,B0B15GSPQW
RA194,3.7,490,adEe026b1Cd00dF,B08GJNM9N7
RA195,4.1,491,Ec185dEfBC9DEB5,B09C6FML9B
RA196,3.9,61,ade6d5c948c6CBF,B0B65MJ45G
RA197,4,"9,378",9f8DB43FFeC1Da4,B08P9RYPLR
RA198,4.2,"32,840",a50B86CDa6133ba,B0B6F8HHR6
RA199,4.4,"7,318",5fF431B6F7D49fB,B084MZXJN6
RA200,4.1,789,bC9488Da1bBDd21,B08XMG618K
RA201,4.3,407,1F1dB9afA5C0dEa,B0BCKWZ884
RA202,3.8,"2,399",43A12fAbBdd87D5,B00GGGOYEK
RA203,4.4,"2,640",Fe369197D5da88a,B07ZR4S1G4
RA204,4,839,fa6a8a7bfB4dE52,B09C635BMM
RA205,4.4,"44,054",EB4863cfe1241CE,B00GG59HU2
RA206,4,"3,231",CaceDdc7aBd7e6A,B00RGLI0ZS
RA207,4.2,64,5cb9ac5d086CAF0,B09ZPJT8B2
RA208,3.9,"8,314",737E34C6641E9cf,B07HZ2QCGR
RA209,3.7,"2,249",2dC6c713601d4Ed,B095244Q22
RA210,3.6,339,E3FC40625F4318f,B08CKW1KH9
RA211,4,27,5F19aB608503Df3,B0BLV1GNLN
RA212,3.5,197,e5Da750DaB9BbC1,B08RHPDNVV
RA213,4.5,"74,977",a665c3eafa64f0c,B00NH13Q8W
RA214,4.2,"8,583",D5eb0D2875dCD7A,B0B8SSZ76F
RA215,3.8,928,bF67FEDfF32A0DC,B0841KQR1Z
RA216,3.8,110,278afF6dd4d474c,B0B467CCB9
RA217,4.1,"6,753",AB994f8b460F3ef,B095JQVC7N
RA218,4.3,"1,237",1EEaE5b39e6B5F7,B08PPHFXG3
RA219,4.4,"18,872",E9379eeC0e4c621,B06XR9PR5X
RA220,3.9,356,eDdbcf3Cef7cFFe,B09JSW16QD
RA221,4.2,"24,269",0Feb0fef25bAEe1,B07JH1CBGW
RA222,3.8,425,6c9eba9Aa2c86de,B09127FZCK
RA223,4.1,"1,161",F743b8cbbcD3e1c,B083GQGT3Z
RA224,4.1,"1,508",8eDF7cC82d0Efa1,B09Q8WQ5QJ
RA225,4.3,"7,636",E46e5aC532db578,B07YZG8PPY
RA226,3.7,246,05c6e3D55a93Ce3,B09H39KTTB
RA227,4,479,32eFD1dCaF2980e,B08DCVRW98
RA228,4.2,910,638cd6ffAA83Afc,B0718ZN31Q
RA229,4.1,"5,626",6C36De54ecD7FEc,B0162LYSFS
RA230,4.3,"14,184",1a1bdAa417E9222,B07PFJ5VQD
RA231,4.4,"25,177",09a1C4E0FcbBC2d,B01J8S6X2I
RA232,4.3,"21,252",ebCa10C83AE5f5f,B09MJ77786
RA233,4.3,567,5036998Ab425e74,B09NNGHG22
RA234,3.5,466,5900F88dA25cFa5,B07V5YF4ND
RA235,3.9,61,fD2EEEb535aE5c2,B0B65P827P
RA236,4.5,474,fD1e2d4BB1A3Add,B084MZYBTV
RA237,3.4,431,48B456efFA6Cb9C,B097ZQTDVZ
RA238,4,242,CDf44F5BFA8f53F,B0B5F3YZY4
RA239,4,"2,905",2CB6C1C583c343a,B09G5TSGXV
RA240,4.4,"12,091",0D1E29E9a3C3Aae,B006LW0WDQ
RA241,4,"1,423",D0a8C3b58239C71,B09YLX91QR
RA242,4.3,"6,255",6aa7821BffF805c,B081FJWN52
RA243,4,"1,236",77e4cFeA28CCaD7,B0758F7KK7
RA244,4.2,"1,335",af77E67cFC14F2E,B09L835C3V
RA245,3.8,197,a7EEA9653B26f7A,B098TV3L96
RA246,4.4,"28,791",e048afAbCFa1d1E,B08NCKT9FG
RA247,3.9,"1,075",16A42bAFA0fCc0e,B0B4T6MR8N
RA248,4.2,"29,746",B8eaD15cca2deC4,B01GGKZ4NU
RA249,3.9,295,7efa28813fd4261,B09BW2GP18
RA250,4.7,"5,935",bA939dE996CF4BF,B09WN3SRC7
RA251,3.6,323,Ddc284Ca2e2CAe9,B09B125CFJ
RA252,3.7,185,85eaA5A4d07116D,B09RQRZW2X
RA253,4.2,"2,117",4bddEc9ab37Eaea,B07924P3C5
RA254,4,"9,378",90e9e7EFfcd3eBB,B08N1WL9XW
RA255,3.6,"1,796",Bfa3bCc248D4289,B07VVXJ2P5
RA256,4.3,"3,587",B6a7d1dC7c7Fc4A,B0BC8BQ432
RA257,4.2,"4,296",4B1C25db2bab129,B06XFTHCNY
RA258,4.3,"2,651",d1ea0a41F2aba42,B08CT62BM1
RA259,4.2,"94,363",F078Fc9C4aDCCae,B07CRL2GY6
RA260,4.2,"34,540",d81da3Aafe2DbD1,B07DWFX9YS
RA261,4.4,"8,714",03dDeF0a6206bCd,B01D5H90L4
RA262,4.2,"10,576",8401A221A66bB5A,B07F1P8KNV
RA263,4.4,"7,318",5d7Efe7cFAe76FD,B084N1BM9L
RA264,3,103,F70E36EaaADd2ED,B09F6D21BY
RA265,4.5,224,FFC1aE0c26c3DD5,B09LQQYNZQ
RA266,4.3,"4,702",af7F8FFfC17014E,B0BC9BW512
RA267,4.2,85,54C9fAb4E24375B,B0B61HYR92
RA268,4.4,"35,877",Cf94c0C80fFdFf7,B075ZTJ9XR
RA269,4,897,c128aa5fff1EFeA,B0978V2CP6
RA270,3.8,282,6BF0F748795Ef68,B09LRZYBH1
RA271,4.3,"1,611",65E35bFB92F0FF0,B0B997FBZT
RA272,4.2,513,E03ab87BB948CdA,B098LCVYPW
RA273,4.1,"1,045",Ce5b0D0f4232Dc1,B09HV71RL1
RA274,4,"6,347",8Eb43c61b73a5da,B08PZ6HZLT
RA275,4.2,"3,300",B2c9Fae7DfbE4cA,B075TJHWVC
RA276,3.3,23,70DcEfb4bB551b7,B09LV13JFB
RA277,4.3,"7,109",d2a9B85B4975E0C,B092BL5DCX
RA278,3.8,51,cE97eAdC8fAe5dc,B09VH568H7
RA279,4.2,"32,840",cdF6EaBC23a6a74,B09HQSV46W
RA280,3.7,708,bFBdC1cf26cecdF,B08TZD7FQN
RA281,4.3,"1,657",b43c4e337ae6dB2,B0B21XL94T
RA282,3.9,523,290BcDc2eE7fFCB,B09PTT8DZF
RA283,3,,B4EAEfaaD7690Fb,B0B94JPY2N
RA284,4.3,"1,376",af886A8EF9Aecc9,B0B3XXSB1K
RA285,3.5,121,2Ae4d9df594d9Ed,B08RZ12GKR
RA286,3.9,"1,075",0A80BAF5eA107CD,B0B4T8RSJ1
RA287,4,"1,001",ACe61F51389188B,B0B7B9V9QP
RA288,4.3,112,a76bB5ee6d78ED2,B08XXVXP3J
RA289,3.8,"3,022",AA4Cdadb65122F4,B06XGWRKYT
RA290,4.3,"5,451",C94bE3EfEB2dD81,B07CWDX49D
RA291,3.3,73,c3B101a57231F2d,B09TY4MSH3
RA292,4.5,"1,029",dFB8Ebf04d9b655,B07RY2X9MP
RA293,4.1,"1,555",bF9309768Ec6fE6,B0B2C5MJN6
RA294,4.2,47,e5FDAEA1df1D7b3,B0BBMGLQDW
RA295,4.1,"14,896",C3Ac9a163b9b4F2,B01LONQBDG
RA296,4.4,"1,712",beC4df88C10a5D3,B08XXF5V6G
RA297,4.2,"1,335",c0A4a01C81dFb18,B09HK9JH4F
RA298,3.9,214,BCd7aF1A59a4BDf,B09MMD1FDN
RA299,4,184,cb6Ad053DB15223,B09HN7LD5L
RA300,4.5,7,BA8E2beEeDb11a5,B0BNDD9TN6
RA301,3.7,41,d48e68C29CDA2fb,B0941392C8
RA302,4.2,"12,153",eeFaFbEf151cAcC,B01M5967SY
RA303,4.2,25,bEcb134FeCc4fD5,B016MDK4F4
RA304,4.2,163,1c4C0d0BD6ed5c7,B08G43CCLC
RA305,4.3,87,BAf0b23B79ABFD4,B0B61GCHC1
RA306,4.4,"2,165",DcA6bB841e11f1F,B07RX14W1Q
RA307,4.2,"1,510",EaBBd1De8D9F81D,B09PLD9TCD
RA308,4.3,106,0dF4C59eB1DDd03,B0B8ZKWGKD
RA309,3.7,129,3088c4b3d941DFF,B09NNJ9WYM
RA310,4.3,"3,049",81Bb12Df6abb0A3,B08H5L8V1L
RA311,4.2,"32,840",4a8A2BeCB61dC00,B0B8CXTTG3
RA312,4.4,390,Dcee8E26aeE4AFa,B09HCH3JZG
RA313,3.5,621,c3C7ABF384Fdb1a,B097JVLW3L
RA314,4.1,265,4ccf47c0B4Ada1a,B09SB6SJB4
RA315,4.3,838,1cE4Ae451e4b06f,B08NW8GHCJ
RA316,4.2,143,7BbA3edD4eFFBC4,B09YHLPQYT
RA317,4,151,7ee0955c09C42C5,B08G1RW2Q3
RA318,3.9,200,6BfB1CdA8DBF6dd,B08YXJJW8H
RA319,3.3,227,F9F76CCdBa6247f,B09P8M18QM
RA320,3.8,538,035B4df0C4AaB2c,B08BG4M4N7
RA321,4,171,040517eff707929,B07VJ9ZTXS
RA322,4.3,"27,508",c7681fD1E85ca7d,B084872DQY
RA323,3.9,"1,454",F4f806a8Ed8f91a,B00GGGOYEU
RA324,4.2,"2,951",FF6b308faeab3Bd,B08FD2VSD9
RA325,5,,790aFF2EaCA8D73,B0BQRJ3C47
RA326,4.1,"6,753",CEb6ab7Bd8fe7bf,B095JPKPH3
RA327,3.9,"3,518",aeDf0D183A78b81,B087JWLZ2K
RA328,4.2,"1,510",DDDBFdFaC16F2cA,B09DSXK8JX
RA329,4.3,838,DB2C9D8cC75dd2d,B08V9C4B1J
RA330,3.8,136,a0b56AfaCba8CE5,B08PKBMJKS
RA331,4.3,301,ef9FaB7288481Fe,B0B8VQ7KDS
RA332,4.4,"19,763",a89e7bDEA8E54B3,B086JTMRYL
RA333,4.3,"21,252",23a1CeD8A626af7,B09RWQ7YR6
RA334,4.3,"1,902",E0319dcEabEDE3d,B00OFM6PEO
RA335,4.2,"13,937",8C959eC7E6Ee2F8,B0BF57RN3K
RA336,4.3,"27,696",b86AfB34C99d83e,B0B3RRWSF6
RA337,3.8,"17,831",d3EECDB9281CB5D,B0B5B6PQCT
RA338,4.3,"1,78,912",de9F414Ace1E1b5,B08HV83HL3
RA339,4,"7,807",3af1dfda07dbaA0,B0BBN4DZBD
RA340,4.3,"17,415",6665FaeD316b3A8,B0B3CPQ5PF
RA341,4.3,"17,415",04A4BfE1a3E2cD5,B0B3CQBRB4
RA342,4,"7,807",A94DDeD7ce4CB0f,B0BBN56J5H
RA343,4,"7,807",BEbf92ea125c6ba,B0BBN3WF7V
RA344,4.4,"67,259",F1ceFabDBAbdE1f,B0BDRVFDKP
RA345,4.1,"10,689",bD3af85B4c44B14,B0B5LVS732
RA346,4,"1,28,311",7c54FeB933C5Cef,B09V2Q4QVQ
RA347,3.9,"21,796",613BB3cfbd365dE,B09V12K8NT
RA348,4.1,"1,92,590",BFfdCEbaFc2a8c6,B01DEWVZ2C
RA349,4.2,284,DDD3bc2bd5a7302,B0BMGB3CH9
RA350,3.9,"58,162",aEDFFf1cDD175d7,B08D77XZX5
RA351,4,"12,796",c811AA9e7356884,B09XB8GFBQ
RA352,4,"14,282",77fed1Da3fFFacF,B07WG8PDCW
RA353,4.1,"3,63,713",BCAba51C23BB78C,B07GPXXNNG
RA354,4.4,"67,259",9E6eB4e0d8C8f58,B0BDYVC5TD
RA355,4.2,284,1f6321b7C33d6dB,B0BMGB2TPR
RA356,4.3,"15,970",aaEA2FAA5B4A808,B08MC57J31
RA357,4.3,"1,78,912",59dbfFCdc0fBEC4,B08HVL8QN3
RA358,3.9,"46,399",EBf46DBa0d72C47,B0746JGVDS
RA359,4.4,"8,891",07C3F32D92dE412,B08VFF6JQ8
RA360,4,"30,254",378cfCAFAD9439F,B09NVPSCQT
RA361,4.2,"22,636",8731fEE83b8dDC6,B09YV4RG4D
RA362,4.1,"22,318",B3fe1A7d6C6eb76,B09TWHTBKQ
RA363,4.4,"67,259",92021846B5ad659,B08L5HMJVW
RA364,4.1,"18,998",c0C0d0FE5eF1aeE,B0B4F2XCK3
RA365,4.2,"13,937",b7697aC75a0bF5b,B0BF54972T
RA366,4.2,"29,471",580a5AA0D534e6e,B09YV4MW2T
RA367,4.1,"22,318",Cfc27ef7029D320,B09TWH8YHM
RA368,4,"21,350",694EA6b9A0Ae1d7,B07WGMMQGP
RA369,4.2,"13,937",fCaB3ABC49bF713,B0BF563HB4
RA370,4.2,"24,270",AFDBA1d51C9560f,B07JW9H4J1
RA371,4.1,"3,13,836",381b9252Ae24bBD,B09GFPVD9Y
RA372,4.1,"3,13,836",12693cEf7bE485E,B09GFLXVH9
RA373,4.2,"13,937",Ff4AFa8FDAA3c7F,B0BF4YBLPX
RA374,4,"12,796",4A1DaFdd15ecF6C,B09XB7DPW1
RA375,4.3,"14,185",a42B6cdFf5abee5,B07PFJ5W31
RA376,4.3,"17,159",CFefa76aB91EaD6,B0B3N7LR6K
RA377,4.1,"5,179",3026C119EfdDc48,B09ZQK9X8G
RA378,4,"43,993",803e5ed400fF3AF,B098NS6PVG
RA379,4.1,"19,252",9c34A35BA9ac7dB,B07WJV6P1R
RA380,3.9,"7,928",a35FBCA4cf322cB,B096MSW6CT
RA381,4.2,"13,937",DAF78aB8aCcb1B0,B0BF54LXW6
RA382,4,"12,796",3ec61bB5e6e0c72,B09XB7SRQ5
RA383,4.4,"1,680",eFB5b9Dfb6Cd2D3,B09FFK1PQG
RA384,4.2,"13,246",1B0Dd9AafC99B87,B09RMQYHLH
RA385,3.8,"14,648",8DC54AcBE3D9bDE,B08ZN4B121
RA386,4.3,"27,696",8cb0eB43F26Fc91,B0B3RSDSZ3
RA387,4.2,"32,916",03e4F70c30615cc,B08VB34KJ1
RA388,3.9,"25,824",acA081720f6BCfA,B09T39K9YL
RA389,4.4,"7,462",6FBffebb4d4BD46,B08VF8V79P
RA390,4,"37,817",fFd6116411d77eF,B08G28Z33M
RA391,4,"30,254",3Afab3c6abdE5E3,B09PNKXSKF
RA392,3.8,"17,831",fD582B6be0baB6c,B0B5DDJNH4
RA393,4.2,"94,364",7CEAAc70dc5FaFA,B08HDJ86NZ
RA394,4.2,"16,905",E30e361B14eD1Ec,B08CF3B7N1
RA395,4.4,"20,311",9262abadDe8Fc3D,B07WDKLDRX
RA396,4.2,"69,622",FfBBFd5cFBbdF3A,B09MQSCJQ1
RA397,4,"3,382",4A731BFCab46b6c,B094YFFSMY
RA398,4.3,"1,40,036",d7Be5F1F08B6ba4,B09MT84WV5
RA399,4.1,"8,599",EFCD1FB1406Ec8F,B08VS3YLRK
RA400,4.1,"18,998",bc011dE2C2aC99D,B0B4F3QNDM
RA401,4.1,"3,63,713",5B6d34BaF962B79,B07GQD4K6L
RA402,4.1,"19,252",a49dB142BeE2DBf,B07WDKLRM4
RA403,4.4,73,60BCf0CbBe6b27D,B0BP18W8TM
RA404,3.9,"24,870",C96Fe8ce1B0C60E,B08Y1TFSP6
RA405,4.3,"42,641",0D0a5257B8d3fa8,B07GXHC691
RA406,4,"4,390",7BC572EEf30E1C8,B08FN6WGDQ
RA407,4.3,"17,415",26A226B3CcF9e0B,B0B3D39RKV
RA408,4,"1,396",33109D4a0173C75,B085HY1DGR
RA409,3.6,"18,202",c36bE0DA8FbC4Ee,B08D75R3Z1
RA410,4.1,"18,998",2c5eBF3da13Ee49,B0B4F2TTTS
RA411,4.2,"11,029",F345E846F17Fa3A,B09WRMNJ9G
RA412,4.1,"22,318",55FDDDdfd6dECBb,B0B14MR9L1
RA413,4.1,"1,786",FbEbaf3dfC9CcD8,B09ZPL5VYM
RA414,4,"7,222",86DA925B478DB0f,B0993BB11X
RA415,4,"1,28,311",2fD471dE46BAF8C,B09V2PZDX8
RA416,3.5,"83,996",4fd5eE784ff78FD,B085W8CFLH
RA417,4.3,"1,40,036",2fCcFE289f562BF,B09MT6XSFW
RA418,4.1,"18,678",2F924F17beFeCcC,B07RD611Z8
RA419,4.1,"15,189",2A4AE5dE3fbfAE6,B08WRWPM22
RA420,4.1,"18,998",3E15Abee61EBE01,B0B4F52B5X
RA421,4.1,"48,449",08D5DeAEd67321d,B096VF5YYF
RA422,3.8,"17,831",a3A97EAB8EAef0D,B0B5D39BCD
RA423,4.3,"30,411",ACEFbfCc013240F,B08DDRGWTJ
RA424,4,"43,994",AbA8dd430553bF1,B082LZGK39
RA425,4.2,"1,315",7Ee95bBaacC6663,B09XBJ1CTN
RA426,4.1,"18,998",b545De0695cAAdC,B0B4F5L738
RA427,4.1,"5,999",d59AfC9b255Aa8b,B08MTCKDYN
RA428,4.1,"50,772",C39c9e820C737DD,B09QS8V5N8
RA429,4.3,"13,391",40AC39c8647eF80,B08CF3D7QR
RA430,3.9,"25,824",8A17ce96e29cF2f,B09T2WRLJJ
RA431,4,"14,404",7Dd9A7e1dbfdBaE,B089WB69Y1
RA432,4.5,"11,339",A9A1d18Ba443F0E,B0116MIKKC
RA433,4,"3,626",FC62774BEddF749,B09P858DK8
RA434,4,"32,625",539C67dE0EAF5f3,B07DJLFMPS
RA435,4.1,"19,252",43ea26e15bf1469,B07WHQWXL7
RA436,4.1,"19,252",5Cbf937eAF42AAC,B07WDK3ZS6
RA437,3.9,"25,824",cC1dCaC11c9ffbC,B09T2S8X9C
RA438,4.1,"1,61,679",07EAE4DF7625ddF,B07S9S86BF
RA439,4.1,"16,685",6D810B88eBBDEE4,B07N8RQ6W7
RA440,4,"30,907",924ba7a4BFE7Deb,B09FKDH6FS
RA441,4.3,"1,78,912",39e619Fd48a7e12,B08HVJCW95
RA442,4,"1,28,311",Ea7C37fAeBdb0cb,B09YDFDVNS
RA443,4.1,"19,252",E71b2840eDdf21c,B07WGPKTS4
RA444,4.2,"94,364",6F6D9c6CDcd5F1b,B0789LZTCJ
RA445,4,"7,222",48aF63FadeDdAa9,B09MZCQYHZ
RA446,4.1,"18,998",adc8CeDA7BD4A69,B0B4F2ZWL3
RA447,4.2,"32,916",6eA0979dA445FAA,B08VB2CMR3
RA448,4.6,"26,603",b07424e5EeC73cD,B095RTJH1M
RA449,4,"67,950",fe8b575DA13c59b,B097R25DP7
RA450,4,"1,28,311",f058359eC0bD6db,B09YDFKJF8
RA451,4.3,"9,499",a8a2B4e499C210A,B07WDK3ZS2
RA452,4.3,"1,777",be35Bddfe87CcC7,B08RZ5K9YH
RA453,4.2,"58,506",4cacD43Dd1480a0,B08444S68L
RA454,4,"21,350",0bea0a0B23c286F,B07WHQBZLS
RA455,4.2,"2,263",8A9bBbFcEc21842,B085DTN6R2
RA456,4,"9,378",9CDa6CDB6AACfDa,B09JS562TP
RA457,4.1,"4,768",CCEF2Aa8B663F5E,B09KLVMZ3B
RA458,3.9,"21,796",32e78699553B7DE,B09V17S2BG
RA459,3.8,"17,833",8767A003F9aDD95,B0B5CGTBKV
RA460,4.7,"7,779",1e0a9de3Fc41f4d,B0B23LW7NV
RA461,4.3,"17,129",971fa0BB499e0e3,B09KGV7WSV
RA462,4.2,"4,969",FAcCa20A01f1782,B0971DWFDT
RA463,4.1,154,0de1513f0e04f40,B0BNV7JM5Y
RA464,3.3,"4,415",5aa73EbF2FF04a0,B0B53QFZPY
RA465,4.4,"18,757",c6bFafa9aaC15Da,B083342NKJ
RA466,4,"21,350",BbcfFd9D29685BA,B07WJWRNVK
RA467,4.2,"31,539",C44d9CaF849FCbf,B01F25X6RQ
RA468,4.5,815,EdffD0Fce258adE,B09C6HXFC1
RA469,4.6,"6,129",a3abFcEAFd26cC2,B0B244R4KB
RA470,4.2,284,e00ec9a3EB1Aedd,B0BMGG6NKT
RA471,4,"43,994",79B604c25b08F7b,B082LSVT4B
RA472,3.7,"3,234",D43Da0A148BB14D,B092JHPL72
RA473,4.1,"13,045",3E32D754Cbb56ef,B08WRBG3XW
RA474,4.1,"3,13,832",D7db457bccB9eE8,B09GFM8CGS
RA475,4.2,"20,879",26cB333b6EE9481,B0B3MWYCHQ
RA476,4.2,"2,646",BdEa0BABdFfa0E9,B09J2MM5C6
RA477,4.5,"28,978",7B63C90d01DB0F8,B07Q4QV1DL
RA478,3.8,"3,145",3dAe819B0EA3f4D,B0B56YRBNT
RA479,4,"9,377",ff9cAc6C5E6BAa4,B09NHVCHS9
RA480,4.1,"1,92,589",BAADddA555d3022,B01DF26V7A
RA481,3.8,"16,557",0341cC68a6965BB,B08K4PSZ3V
RA482,4.1,"18,998",A9CbdBEf7cCBAdA,B0B4F1YC3J
RA483,3.8,"16,557",7DD8d6e0AABA8FF,B08K4RDQ71
RA484,4.2,"21,916",cEF6414E79bCECB,B085CZ3SR1
RA485,4.2,"29,472",c619d5eB2cB3e9b,B09YV3K34W
RA486,4.2,"1,949",ae37F41D3CDd82d,B09Z6WH2N1
RA487,4,"9,377",9C0B5dAEDDA1C7d,B09NL4DJ2Z
RA488,3.5,37,9fb7A55B76aAaEd,B0BGSV43WY
RA489,4.3,"2,351",E5aE4efa83cCAC6,B0926V9CTV
RA490,4.1,"19,253",7837256D21D9BeA,B07WGPKMP5
RA491,3.9,"2,180",b05eD2cf6bf55C3,B0BBFJ9M3X
RA492,3.9,"7,571",dBc9B40874101D7,B09PLFJ7ZW
RA493,3.3,"4,415",C350cDb6C99Bf1D,B0B53NXFFR
RA494,4,"18,654",CCD016f5e064faF,B07GNC2592
RA495,4,"3,197",695cA606ecF5F75,B09TP5KBN7
RA496,4,"26,880",C3CCE5B9412dDD8,B0949SBKMP
RA497,3.9,"21,796",D44EaEf1226b4ae,B09V175NP7
RA498,4.3,"9,499",daCD7e1c74D0ddf,B07WHSJXLF
RA499,4.1,"56,098",BdcEaBE2dDAe5E7,B0BD3T6Z1D
RA500,4.1,"31,822",ABa12bD6703162e,B09LHYZ3GJ
RA501,4.3,"9,499",98195d38DfadfDb,B07WFPMGQQ
RA502,4.1,"50,772",5Feb1837B61cA9f,B09QS9X9L8
RA503,4.1,"7,148",Aa7E9dcedBf3A3e,B0B6BLTGTT
RA504,4.3,"20,850",56dE084ff34F362,B077Z65HSD
RA505,4.4,184,fadfD51c8fAf80a,B09W5XR9RT
RA506,4.2,"3,492",F6aD9D5470fc6fF,B084DTMYWK
RA507,3.3,"4,415",ebd25dbbdEFe520,B0B53QLB9H
RA508,4.4,"67,260",E5afdBe3778c85a,B0BDYW3RN3
RA509,4.3,"27,704",0F5b91b9CFF04e4,B0B3RS9DNF
RA510,4.1,"50,772",a7dC7cebCfA011e,B09QS9X16F
RA511,4,"92,588",A7Db6c72bAaB2C5,B08HV25BBQ
RA512,4.1,"31,822",57D8eeDBCEC5915,B09LJ116B5
RA513,4.3,240,025077BfbCFCFaf,B0BMVWKZ8G
RA514,3.8,758,F3b1FafcDf2BFD9,B0BD92GDQH
RA515,3.9,"24,870",65BD5BB3D018adE,B08Y1SJVV5
RA516,3.7,828,cdcb2654DEaD8A4,B0B5GF6DQD
RA517,4,"9,378",9adC887e5bBdDC7,B09JS94MBV
RA518,4.2,"22,638",eC4B194dEbfA1cF,B09YV463SW
RA519,4.4,"13,552",abbaa374b64a13d,B07XLCFSSN
RA520,3.9,"2,147",5f7CEB4Eca19efB,B09NL4DCXK
RA521,4.5,596,e28ca6eED0ab676,B0B8CHJLWJ
RA522,4.2,"1,949",e7EEB79Becdaa19,B0B8ZWNR5T
RA523,3.9,"2,180",DDB00D515DC1cEe,B0BBFJLP21
RA524,4.2,"31,539",0baBa8a3e0a46Ab,B01F262EUU
RA525,4.1,"2,451",e205B68c24D0f8E,B09VZBGL1N
RA526,4.1,154,bcfCEB505EEF8a3,B0BNVBJW2S
RA527,4.3,"1,193",0dCdaB72E1f65Fc,B0B2DJ5RVQ
RA528,4.1,"1,475",3E3bfED8c4CB7FA,B096TWZRJC
RA529,4.3,"8,891",cf67E09ccbc4cA1,B09GP6FBZT
RA530,3.6,104,8A90aab81aBAFc8,B0B3DV7S9B
RA531,4.1,"6,662",941BFAeCb22a6AF,B09MKP344P
RA532,4,"8,380",Cbf5CfccF97Cac8,B08JW1GVS7
RA533,4.1,"31,822",aCfb20008cAbe8e,B09LHZSMRR
RA534,4.3,"3,075",c6c68a7A59A9B8d,B0B5V47VK4
RA535,3.9,"14,266",d47D9cf5dFA3813,B08H21B6V7
RA536,4.1,"38,879",B0d8ceC3bAbD87d,B09BNXQ6BR
RA537,4.1,"97,175",a63ff9dd592c55F,B01FSYQ2A4
RA538,4.4,"67,260",79Bc537a312fD8D,B08L5FM4JC
RA539,3.8,119,a6f01EcEcFf79d1,B0B54Y2SNX
RA540,4.3,"10,833",61DbE2f2f4CfA55,B08BQ947H3
RA541,4.3,"8,188",27D970AE9DeaFCd,B082T6V3DT
RA542,3.5,"1,641",303E1ebfd701D4D,B0B7DHSKS7
RA543,4,"4,740",6Ae684fcC61bfC4,B09SJ1FTYV
RA544,3.9,"8,866",7Abf6B543B4b7a7,B09XJ5LD6L
RA545,4.3,"8,399",A9bDA2C696C8C1C,B07WHS7MZ1
RA546,2.8,87,A27bEc5e937811b,B0BBVKRP7B
RA547,3.8,125,4d06FD37DcFDf4A,B09NY7W8YD
RA548,4.5,38,F9E517CB088712f,B0BMM7R92G
RA549,4.3,"4,674",EddbA8F7CFA0954,B08M66K48D
RA550,4.1,412,c0F95C4823CfbAd,B09RFB2SJQ
RA551,3,681,ebfBfCd49f4e8FD,B0B82YGCF6
RA552,4,"36,384",771fdAa2a7E96A7,B08HF4W2CT
RA553,3.9,"6,491",dDb9dc9d88a9a3D,B08BCKN299
RA554,4.1,"10,229",F19fBEcE1a740B2,B0B2X35B1K
RA555,4.1,"50,772",433b6a71bfff4b6,B09QS9CWLV
RA556,4.3,"1,801",75e778b4fe40C0e,B0B1NX6JTN
RA557,4,"14,404",632CbfBa0E8EFf0,B078G6ZF5Z
RA558,4.4,305,C4dcCd7Fa171FAe,B0BBW521YC
RA559,4.3,"1,376",AdA06923CcA2d4F,B09HSKYMB3
RA560,4.2,"22,638",39ed6d9eeDC7D3e,B09YV42QHZ
RA561,3.8,"2,352",930ebcE79D71FdE,B09BF8JBWX
RA562,4.3,714,4bECa220B8E2066,B0B5YBGCKD
RA563,4.3,"20,052",59c712ACDf547d8,B01GGKYKQM
RA564,4.3,"1,454",8df2ba29eCeCFbd,B09MY4W73Q
RA565,4,"7,732",FDC8DbC8dE94bA5,B08R69VDHT
RA566,3.9,"2,147",bfBD14Ac0D2Cdd0,B09T37CKQ5
RA567,4.1,"3,13,832",eeb4fCeeF00Ef8d,B09GFPN6TP
RA568,3.7,465,32C993f1F0D1C9B,B0B298D54H
RA569,4.2,"27,790",AF448EaC8b6b1Af,B08VB57558
RA570,4.1,602,304Ad71930542d0,B09CMP1SC8
RA571,4,"1,423",f2A8dB8a58FF9Ee,B09YLXYP7Y
RA572,4.6,245,cD70f8c8EF5eAE4,B0B9BXKBC7
RA573,3.9,276,dE1Ae4fea53eaC2,B09NY6TRXG
RA574,4,"30,254",186843Edf87c24B,B09NVPJ3P4
RA575,4.3,"17,161",b1Fc8fcEa248e17,B0B3NDPCS9
RA576,4.4,14,53eD081839B6E57,B09VGKFM7Y
RA577,4.1,"14,560",AdF54Baa6eF3f1A,B07QCWY5XV
RA578,4.1,"3,156",add8585D174a0cB,B098QXR9X2
RA579,4.1,"9,340",Df4d4eccc4EfE1d,B07H1S7XW8
RA580,4.4,768,20284c34EcbE37D,B0BNXFDTZ2
RA581,4.5,"28,978",7b36eDE996a3bd2,B088ZFJY82
RA582,4.1,"18,998",DF81313D8Acf45a,B0B4F4QZ1H
RA583,4.2,"4,971",38D5391A1ae539f,B09BCNQ9R2
RA584,4.5,"1,526",b3d8DBfAE0EA8ED,B0B9BD2YL4
RA585,4.1,"3,63,711",EB838Cb6FcBB2F2,B071Z8M4KX
RA586,3.9,"1,36,954",9da3d344D1F759B,B09N3ZNHTY
RA587,4.3,"27,709",0aB3b979af2d6D0,B0B3RRWSF6
RA588,3.8,"17,833",Ffb73C1AF28Fc7D,B0B5B6PQCT
RA589,4.3,"2,53,105",fBbc1E0CeE65BE7,B005FYNT3G
RA590,4.4,"61,314",69FEC3F0FD6A897,B01J0XWYKQ
RA591,3.8,"7,354",94cA16AFe68CC4D,B09CTRPSJR
RA592,3.8,"1,80,998",EdC595c710f313f,B08JQN8DGZ
RA593,3.5,690,ff711516CaC705b,B0B72BSW7K
RA594,4.4,"67,262",eAa1Cf1f05cBD0a,B0BDRVFDKP
RA595,4.1,"10,689",bc1beCbCcF20CDB,B0B5LVS732
RA596,4.1,"1,41,841",5a16bE270f9cbFC,B08TV2P1N8
RA597,4.3,"24,791",eEaA6F9Fd9D1cd6,B07XCM6T4N
RA598,3.5,"21,764",f2aab2A7CCDaEC9,B07T5DKR5D
RA599,4.1,"1,92,587",d6c06b3d5A3FefE,B01DEWVZ2C
RA600,4.1,"1,07,151",5c6d2EBBB3229AF,B07PR1CL3S
RA601,3.9,"21,797",CBDbCE4988ACeEA,B09V12K8NT
RA602,3.9,"92,995",4167Bd6cCacB3a1,B07JQKQ91F
RA603,4.1,"8,751",Dc06edFE3AAB106,B08W56G1K9
RA604,4,"14,283",83f8924AEa5aBc2,B07WG8PDCW
RA605,4.2,"64,273",f6Abb2B16eC7dcC,B01L8ZNWN2
RA606,4.3,"54,315",34f4A71fBBa5C2A,B009VCGPSY
RA607,4.1,"1,597",AdcB6E7b2774f4C,B0B296NTFV
RA608,4,"30,254",AF64c02A20410f5,B09NVPSCQT
RA609,4.2,"22,638",adc155A42a8FEFa,B09YV4RG4D
RA610,3.9,"77,027",2374F8ff43fa006,B07TCN5VR9
RA611,4.3,"28,829",9Dd78C7bb9E6C6a,B00ZYLMQH0
RA612,4.2,"29,478",28f9Beee5e0daF5,B09YV4MW2T
RA613,4.5,"33,176",1D6BE6F89c3BeA8,B01HJI0FS2
RA614,4,"68,664",BEb0cfBaD6cf47C,B076B8G5D8
RA615,4.2,"24,269",2b98EaB2dA46fA7,B07JW9H4J1
RA616,4.5,"28,030",6B7956f5e2BEE31,B014SZO90Y
RA617,4.3,"5,792",C2A7Fc2d37b04be,B07KCMR8D6
RA618,3.9,"14,778",0cDdf9e46aACEe7,B00N1U9AJS
RA619,4.1,"91,770",08800F76A7bb4c0,B07KY3FNQP
RA620,4.3,"17,162",86754FAbaDFddBE,B0B3N7LR6K
RA621,4.2,206,2Ad0F4eecaacED0,B07QZ3CZ48
RA622,4.2,"33,717",fF5C11e5bCbfAdf,B09T3H12GV
RA623,4,"43,994",73a3A6590c70D34,B098NS6PVG
RA624,3.9,"7,928",Fae7cAFd65F7fBf,B096MSW6CT
RA625,4.1,"5,179",ADFf4FdCceDFD3D,B09ZQK9X8G
RA626,4.5,"50,810",bF18DCc9ecDeB8d,B08ZJDWTJ1
RA627,3.7,"3,369",99E508dF1caeBa9,B08FTFXNNB
RA628,3.5,"11,827",f3D889D2d1E53CB,B08YDFX7Y1
RA629,4.2,"94,364",EB6FFfBe03BDBA3,B08HDJ86NZ
RA630,3.5,"15,295",dfaEeb5CE00cdb0,B087FXHB6J
RA631,4.3,"27,139",08B2937A4d50FEd,B07N42JB4S
RA632,3.9,"9,504",a7a07082c726fdA,B0B31BYXQQ
RA633,4.2,"16,905",2EaF0BFa43bFce3,B08CF3B7N1
RA634,4.3,"30,058",b50Af85F352ED3d,B07SLMR1K6
RA635,4.2,"69,619",7ee8cCFceE7BE18,B09MQSCJQ1
RA636,4,"3,382",342150f79da1b1f,B094YFFSMY
RA637,4.1,"1,09,864",EAbCB93DA3C8BC4,B092X94QNQ
RA638,4.5,"5,760",24EcdAC50fD1BdF,B0846D5CBP
RA639,4.2,"49,551",fDdCF8a73A8Ffe7,B00KXULGJQ
RA640,4.1,"1,61,677",e30D09bcC5EaDEC,B08H9Z3XQW
RA641,3.9,"21,372",E8fA43fedefE20C,B08LPJZSSW
RA642,4.3,"1,40,035",0D3Cb620B4Ba8c7,B09MT84WV5
RA643,3.9,"24,870",B77c73dDFFFcd09,B08Y1TFSP6
RA644,4,"7,199",acf1Ec3C6F149FE,B08CYPB15D
RA645,4,"1,396",3c4A0F6eC172711,B085HY1DGR
RA646,3.5,"15,233",ACe423C3Ba715dD,B00MFPCY5C
RA647,4.3,"55,747",B7dC6C2dFdD7DDF,B07JJFSG2B
RA648,3.8,"14,961",2FbF0B8b0DACC6E,B09NR6G588
RA649,4.4,"9,275",eF99aE70bc0bAeC,B07JPX9CR7
RA650,3.7,"28,324",CFA6dc203eBe8CC,B08D11DZ2W
RA651,4.4,644,FC67EF7bcB7E45e,B07Q7561HD
RA652,4.4,"18,139",DEf74cab7e8a373,B0819HZPXL
RA653,4.4,"7,203",fE4a599FF0fB6F5,B00LXTFMRS
RA654,4.2,491,FC7ce1F9A65eFca,B0B9LDCX89
RA655,4.5,"13,568",0ec348cBC3aedCf,B0765B3TH7
RA656,3.8,"3,390",fb07C73BF5DAe62,B0B1F6GQPS
RA657,3.8,"1,03,052",5F4892bAcEfc3ff,B07LG59NPV
RA658,4.1,"18,678",FacDCA8B83b327d,B07RD611Z8
RA659,4.1,"15,189",F6AcbBE8Cc9E19c,B08WRWPM22
RA660,4.4,"12,179",e3C097Db36A10f0,B00AXHBBXU
RA661,3.8,"12,958",3ae9E4EA802d8Ef,B08MCD9JFY
RA662,4.2,"8,258",Aae568cC3adb376,B083RCTXLL
RA663,4.1,"11,716",8ac02a294D99bBB,B08HLZ28QC
RA664,4.4,"35,024",3e87C6ebC1DeCba,B07GVR9TG7
RA665,4.1,"55,192",Fe32c4eF5B1fF3d,B0856HY85J
RA666,4.1,"1,19,466",bd0BBCE7c8Dbaad,B07CD2BN46
RA667,3.5,"9,638",Fd30DdF7A4dADeF,B07PLHTTB4
RA668,3.6,"33,735",B84fe2AA088c71c,B077T3BG5L
RA669,4.3,"30,411",D9FaEfd9f2E71b2,B08DDRGWTJ
RA670,3.8,"3,044",6b133ca2D3A1D00,B079Y6JZC8
RA671,4,"33,584",adbCFFfBF1eABF0,B0856HNMR7
RA672,3.9,"1,779",7bE3731aDBDEd36,B0B12K5BPM
RA673,4.1,"5,999",ef8cdF16d1BcFC9,B08MTCKDYN
RA674,4.3,"13,391",caBfF96a40aE715,B08CF3D7QR
RA675,4.4,"26,556",CF7ad8FF9d0779B,B00LVMTA2A
RA676,4.3,"25,903",6de09ab5dE8e6B8,B07TR5HSR9
RA677,4.3,"53,464",bDB4dBaaaa070a4,B0819ZZK5K
RA678,4.1,"48,448",fFB10e24EB6bb1a,B096VF5YYF
RA679,4.4,"5,176",B3a7dbC2CaBD55e,B08QJJCY2Q
RA680,4.4,"8,614",6800CCbFb15ebf1,B07L5L4GTB
RA681,3.8,"60,026",BEfA2CBE462e561,B07L8KNP5F
RA682,3.8,"3,066",85F54DA3e4A4cFD,B08CF4SCNP
RA683,4,"2,102",Eb3c12fc46a7966,B09XX51X2G
RA684,4.4,"34,852",1d33fD8cFc8372d,B01M72LILF
RA685,4.4,"4,26,972",DDcdC5d99e78c80,B07KSMBL2H
RA686,4.5,"8,618",Fc1AEA19E7D000B,B00LZLQ624
RA687,4,"32,625",38ad1494129579d,B07DJLFMPS
RA688,4,"4,018",f698DbBe3AdBCd8,B09GB5B4BK
RA689,4.3,"11,687",63cEC09aC4FF8AD,B015ZXUDD0
RA690,4.2,"2,262",1a1F80b3401c7aD,B085DTN6R2
RA691,3.8,"11,015",3E02f6ACbbDd8A6,B09PL79D2X
RA692,4.3,"95,116",9aD8552188B0FCc,B098K3H92Z
RA693,4.1,"4,768",345bb1727648cFC,B09KLVMZ3B
RA694,4.3,"23,022",17e73834584b140,B084PJSSQ1
RA695,4,"67,951",E0bdCfab2b5C1dD,B097R25DP7
RA696,4.3,"4,426",01F682209D1F28d,B097C564GC
RA697,4.2,"4,567",b1C84c589cD6b1C,B08CYNJ5KY
RA698,4,"13,797",72A962E3a3A1908,B00Y4ORQ46
RA699,4.4,"15,137",8C4d0FE0D867CD6,B074CWD7MS
RA700,4.4,"18,757",a1AafDCBeE510A3,B083342NKJ
RA701,4.5,815,78DAF1519E2fDbF,B09C6HXFC1
RA702,4.2,"1,56,638",6bF0C36DF0E9CdE,B00A0VCJPI
RA703,4.1,"9,344",8Da183C1d628679,B00UGZWM2I
RA704,4.5,"4,875",dBCDC7D10eeA1E5,B00R1P3B4O
RA705,4.2,"20,881",AE72cCCD7bffDAB,B0B3MWYCHQ
RA706,4.3,"4,744",c1C2A201BfCFA3f,B09DG9VNWB
RA707,3.9,"12,452",8B6ED5b3Aca7fCD,B09Y5MP7C4
RA708,4.5,"17,810",33605b4e2b35cce,B01DJJVFPC
RA709,4.1,"53,648",1c8289ea71E97D9,B07DFYJRQV
RA710,4.2,"2,014",6e42CaAF7ba5C39,B08L879JSN
RA711,3.8,"5,958",08AC8E316aeCdc5,B08TDJNM3G
RA712,4.3,"38,221",8f1BFD7BDE69fDb,B06XSK3XL6
RA713,3.9,"64,705",172BBd85dab10b4,B07YNTJ8ZM
RA714,4.3,"17,129",2Dd8fC29aAAdd9F,B09KGV7WSV
RA715,4.3,"11,976",cb5c56Dc41c5caD,B08DPLCM6T
RA716,3.9,"17,348",2422850C6768095,B07KR5P3YD
RA717,3.7,"87,798",B6cABADBb985a4c,B08FB2LNSZ
RA718,4.2,"24,432",22b48a191Ab6e63,B01IBRHE3E
RA719,4.3,"1,89,104",43cAbe680FE4Fda,B01N6LU1VF
RA720,4.2,"93,112",d0a4a44Dc1Ce23C,B07XLML2YS
RA721,3.9,"47,521",d0D0F0b144d26DE,B086WMSCN3
RA722,4.3,"27,201",e51573bC2a7F72b,B003B00484
RA723,3.7,"10,962",e5fAFBfd2C0aA5E,B085194JFL
RA724,4.3,"16,299",9622EB52Fc3FEbe,B09F6S8BT6
RA725,4.3,"31,534",6f0c451d95cD6be,B003L62T7W
RA726,3.9,"7,571",A1dB54F659Af6Ce,B09P18XVW6
RA727,4.4,"6,537",aaff67C6f739Ee9,B00LZLPYHW
RA728,4,"9,377",708B9DEE2aceebA,B09NHVCHS9
RA729,4.5,"21,010",B3DE452b2ffFEc0,B00NNQMYNE
RA730,3.9,"3,517",bdaf74CcEDC5A6B,B0B217Z5VK
RA731,4.3,"63,899",6b62f128fECfdFC,B07B88KQZ8
RA732,4.2,"12,153",fffE7bDd1e6F4fd,B01M4GGIVU
RA733,4.1,"5,730",2edacB92F81e27D,B07Z3K96FR
RA734,4.2,"25,488",5E7F3322Ca5B87d,B0756CLQWL
RA735,4.5,"54,405",f1237Faf1CfaCfB,B004IO5BMQ
RA736,4.2,"1,949",5E0090CC9ca0EB7,B09Z6WH2N1
RA737,4.2,"1,22,478",bF3aE9acdDC8e74,B01HGCLUH6
RA738,4.3,"7,241",0Fa40A7A4eBcad6,B01N4EV2TL
RA739,4,"20,457",b75E87B928b86F7,B08MZQBFLN
RA740,4.5,"8,610",0Ca800d460CFE15,B0752LL57V
RA741,3.8,"16,557",cCBb6c54D73fAa2,B08K4PSZ3V
RA742,3.9,"1,087",d4d0C5a854bb781,B09Z28BQZT
RA743,4,"1,540",C8Fc39F1Db6ca66,B094DQWV9B
RA744,4.1,401,F43Bcb65B3FEFcd,B0BBMPH39N
RA745,3.4,"9,385",B7dcD9aFE0FeA41,B097JQ1J5G
RA746,4,"92,588",09ab9a7C04dfeEA,B07YY1BY5B
RA747,3.4,"3,454",0Baaeef2A4bAFCc,B08VRMK55F
RA748,4.3,"15,790",Ef922f8ac05E954,B08CHZ3ZQ7
RA749,3.9,"14,969",0889389B1c9bf63,B08SCCG9D4
RA750,4.1,"42,139",31A7098a3Ab99c4,B0972BQ2RS
RA751,4.3,989,5cFBEaaEEcB3d1f,B00ZRBWPA0
RA752,4.5,"19,624",Ede2b4aF6f79b3d,B0B2DD66GS
RA753,4.2,"3,201",6e124FCa60cC2c7,B09M869Z5V
RA754,4.1,"30,469",109b3c8B741bdfb,B07W6VWZ8C
RA755,4.4,"9,940",dd1d95ba2c7fCF8,B07Z1X6VFC
RA756,4.3,"7,758",fcd66fD4Ce91C0F,B07YL54NVJ
RA757,4.3,"68,409",BB9b641e4238BA8,B0759QMF85
RA758,4.3,"3,095",3d3De8ed173e1d0,B00LM4X0KU
RA759,4.2,903,ECf415fF73ec487,B08PFSZ7FH
RA760,4.1,"25,771",Bda5A1d6cee9de3,B012MQS060
RA761,4.1,"2,73,189",BA426eD4e48da5d,B01MF8MB65
RA762,4.5,"3,785",FfDE7aac4cfeA1a,B00LHZWD0C
RA763,4.4,"2,866",27980Ea6fDfe0ed,B08QDPB1SL
RA764,4.3,"27,223",7b441017A2bCACB,B07BRKK9JQ
RA765,4.3,"82,356",C59D0C66209d40d,B01EZ0X3L8
RA766,4.3,"5,719",0E4A43238802a3a,B00LM4W1N2
RA767,4,"26,880",931e8EfAA0fEB78,B0949SBKMP
RA768,4.3,"1,690",9E7e5F9D4eCA1a5,B08YD264ZS
RA769,4,"2,766",0D362A8ff3a9C5b,B094JNXNPV
RA770,4.4,"8,372",266b2AAb9887Ee0,B00GZLB57U
RA771,4,"7,113",AA37Befc1B3eefB,B07V82W5CN
RA772,4.3,"20,850",3E4C5EE4C4faaD9,B077Z65HSD
RA773,3.3,"2,804",dFc9EE59FEaDff6,B08HD7JQHX
RA774,3.7,"1,986",BED9e8A2122F5B6,B0B31FR4Y2
RA775,4.1,"2,451",fd5EF29aEB50a00,B09Y14JLP3
RA776,5,23,AE43d41d4baCDC7,B09ZHCJDP1
RA777,4.5,"26,194",fAcabaBab61992d,B08C4Z69LN
RA778,3.9,"15,783",63fe2db0EEa4401,B016XVRKZM
RA779,4.4,"8,053",A82DBF603aAb0F1,B00LHZW3XY
RA780,4.1,"2,809",dabeFBadD80Eeec,B098JYT4SY
RA781,3.6,"25,910",FB830f3D90cf4FA,B08CFCK6CW
RA782,3.8,"1,173",C5B71ffCd6feA2E,B09P564ZTJ
RA783,3.6,"6,422",BAaECB0DA4cF6F5,B07MSLTW8Z
RA784,4.2,241,74962aB79cCeb5F,B09N6TTHT6
RA785,4.4,184,3db7df88F2eB7a9,B09W5XR9RT
RA786,3.8,"14,629",1DC0Ab2c49fD6D1,B098R25TGC
RA787,4.2,"1,528",7fbCa0Ccc5C3537,B0B2PQL5N3
RA788,4.3,"15,032",E74b239786C3aeb,B07DKZCZ89
RA789,4.4,"69,585",A2b7E50ee8a3e84,B08GYG6T12
RA790,4.1,"14,371",AF6BE2fb8A8584C,B09BN2NPBD
RA791,4.4,"3,182",6415F2DA3EEB87a,B00J4YG0PC
RA792,4.4,"25,886",b0ee5b54e300a80,B073BRXPZX
RA793,4.4,"4,736",97De8e12e4d6D4c,B08LHTJTBB
RA794,4.4,"73,005",9ca9cFEfFfC49E1,B07VTFN6HM
RA795,4.3,"20,398",dcbf5a3F6FBaEc3,B008QS9J6Y
RA796,4.3,"2,125",ffBc6F82c3f4dCF,B09M8888DM
RA797,4.3,"11,330",3aaADFDb9e0c417,B07Z1YVP72
RA798,4.2,"27,441",015b063dC67758c,B082FTPRSK
RA799,4.3,255,93e6f8bDCb4D1AC,B09RF2QXGX
RA800,4.2,"23,174",B179dACDBCe4ABE,B01KK0HU3Y
RA801,3.8,"20,218",0AFbFCB4ce11B3d,B07JF9B592
RA802,4.3,"11,074",09DEC4ABd858aDb,B086394NY5
RA803,4.5,"74,976",61ffeEEcA2c6A33,B00NH11PEY
RA804,4.1,"25,607",46cDc12FaAf0a6a,B017PDR9N0
RA805,4.2,"41,226",38BB58C607f3aFF,B07NC12T2R
RA806,4,"2,581",B8EF5fa82Cf2eE5,B07WKBD37W
RA807,4.1,"18,331",e8dCA474DDC5ADB,B08JMC1988
RA808,4.1,"1,779",F6D0f24eaD824aC,B09GFN8WZL
RA809,4.3,388,4581DB97bE63646,B095X38CJS
RA810,4.5,"8,656",3f50Fe6E4C05edb,B07ZKD8T1Q
RA811,4.5,"92,925",0FE8eA68A3E2D0f,B07G3YNLJB
RA812,4.1,"1,269",39a7B5CDE5a5cD4,B00P93X2H6
RA813,4.3,"17,394",811db9628456AB7,B0798PJPCL
RA814,3.6,"9,169",1586F447E7E2C88,B09GFWJDY1
RA815,4.4,"1,030",Ccbe183eAEa6A6b,B09MZ6WZ6V
RA816,4.5,"50,273",8aadeCD2FA2B9Af,B094QZLJQ6
RA817,3.9,"6,742",506aAb3dEE3e7C9,B07L3NDN24
RA818,4,"1,208",d03d0321A8DC6aD,B08WD18LJZ
RA819,4,"1,933",2D87D4c98F1dc84,B09CMM3VGK
RA820,4.4,"25,006",Ad32EEeDdFD1E2C,B06XDKWLJH
RA821,4.6,"33,434",a88f50a26639aC7,B01J1CFO5I
RA822,4.4,"6,301",fA8d3f90B787641,B07J2NGB69
RA823,4.4,"22,618",58aFaBf0EA3b0e8,B00MUTWLW4
RA824,4.3,974,fCdf35dcc0ba4F4,B08QSC1XY8
RA825,4.3,"20,342",6F9aCA7a4F014D1,B017NC2IPM
RA826,4.4,"7,429",Ca086b385F4D4Ca,B00N1U7JXM
RA827,4,"26,423",743E069Ac5AEe8B,B08HQL67D6
RA828,4.2,"31,305",a1A7c5d6B086dBF,B09RKFBCV7
RA829,3.8,"11,213",ff0305D6F63Def6,B08KHM9VBJ
RA830,4.1,"10,174",F911D8Acb0fdaa6,B01IOZUHRS
RA831,4.2,"17,413",8a1879E8dEfc7F8,B00CEQEGPI
RA832,4.2,"6,676",4ede9D5B2cD79bd,B08B6XWQ1C
RA833,4.4,"8,076",603D03Cbbe6bCc8,B01DGVKBC6
RA834,4.3,355,eDcF9C03753e89a,B008FWZGSG
RA835,4.1,"18,656",465bEeB7ed1B91d,B08JD36C6H
RA836,4.4,"31,599",A87d6D772BcBF59,B00E3DVQFS
RA837,3.9,"1,075",6f5a4aae7d6A1Bf,B0B4HJNPV4
RA838,3.9,"13,971",C8e8DD1dBD1Cc1B,B00BN5SNF0
RA839,3.6,"2,492",CDb3EB07DbdeCC5,B09SGGRKV8
RA840,4.4,"13,552",e3E846defcaC4Fa,B07XLCFSSN
RA841,4,575,33fb0b96A3Ce3Da,B09RZS1NQT
RA842,3.5,"2,523",Fe9B4De4DC87d8a,B084BR3QX8
RA843,4.1,352,1f9B6Bc6fcC41bc,B09VC2D2WG
RA844,4.1,"1,662",f2eD20d3c60c5EE,B09163Q5CD
RA845,4,"7,352",aDf86eD21AEBA71,B08K9PX15C
RA846,4.1,"3,441",D51b40267112fB9,B083RD1J99
RA847,4,93,8d74C14Af95B74c,B09Z7YGV3R
RA848,3.8,"40,895",eDe45bf6aC8ADf2,B00N3XLDW0
RA849,4.3,"11,006",aAC0dEdc22BBa83,B07Z53L5QL
RA850,4.2,"8,938",E325c8d31857cEf,B00P93X0VO
RA851,4.1,"4,308",CadF3E4Af2ea92e,B07SBGFDX9
RA852,4.2,462,da9189effC52064,B09C6HWG18
RA853,4.5,"1,07,686",97B9A224fdeAedA,B00NH11KIK
RA854,4.6,"10,652",dDa8aC2Dd99a36F,B07X2L5Z8C
RA855,4.3,"5,036",080d64e37586bDA,B00VA7YYUO
RA856,4,"5,057",b816EECEB9AEFF6,B07L9FW9GF
RA857,4.2,"8,537",0c7cE200C288D83,B08D64C9FN
RA858,3.3,"9,792",fFAf8F4Cfa2ecd9,B07XJYYH7L
RA859,4.3,"2,450",59e3AfDeEd7aad0,B00LOD70SC
RA860,3.7,676,E7D74f12DeA75FF,B09X76VL5L
RA861,3.9,"1,173",bc12F82EAff157f,B091JF2TFD
RA862,4.3,"9,998",5F2faA929AD5dC7,B07S7DCJKS
RA863,4.1,"5,852",22FD8CFFeCDE7DF,B09NC2TY11
RA864,4.2,362,f2bd6BEea14F3cC,B0BDS8MY8J
RA865,4.5,"2,05,052",F0f5bC93b6eeC25,B09X7DY7Q4
RA866,4,"9,090",5B5eA31634ACC14,B09YV575RK
RA867,4.5,"4,099",60D03A0a3F0da9a,B08LW31NQ6
RA868,3.5,"12,966",3aBe7dd22e1ecD6,B09ND94ZRG
RA869,4.5,"4,428",bca8c61e80D02A4,B00P93X6EK
RA870,4.3,"12,093",eAD9fF7cad2c49d,B07KRCW6LZ
RA871,3.3,"5,692",FB358C9e5bC0E12,B0994GP1CX
RA872,4.1,21,8e2Cb63f4FA05B8,B07H8W9PB6
RA873,3.8,"1,880",9931eB23F1CdDC9,B09NNHFSSF
RA874,3.5,"21,762",Cc2b9aFfAE3cF6f,B08D9NDZ1Y
RA875,4.1,"22,375",aBAfDAF3CA90EC2,B0085IATT6
RA876,4.5,"2,453",55e6738Ecc5fDe0,B08WJ86PV2
RA877,4.4,"13,544",0A0EFB6DDB9EB59,B078HRR1XV
RA878,4.1,"10,976",dFb4Bfeac0FF3Fb,B09P22HXH6
RA879,4.3,"3,061",56aef1a60a6dABc,B00LM4X3XE
RA880,3.6,"2,272",8cAF34a0F7eac6c,B09YLFHFDW
RA881,4,"7,601",81d3bA3fC7CDA8C,B07YWS9SP9
RA882,4.1,"8,131",2824dc9febf3f1D,B002PD61Y4
RA883,4.5,"4,219",74dEEbe0CFB7E85,B08WLY8V9S
RA884,4.2,"42,775",7ADcFb7bc7D1663,B0873L7J6X
RA885,4.3,"5,556",678c8c023Bd920d,B07YNHCW6N
RA886,4.2,"92,595",b3dc68DBaE110BE,B07232M876
RA887,4.6,"12,375",2DB500eb3a0DE4A,B01MQ2A86A
RA888,4.5,"5,882",A81492Ad5F9AcdF,B00KIE28X0
RA889,4.3,"10,833",9E13f2c2a68E9d1,B08BQ947H3
RA890,4.1,"10,443",849E8AF7D48dA2c,B0BHYJ8CVF
RA891,4.5,434,65EbC9707a2E4a1,B0BCVJ3PVP
RA892,3.5,"1,913",F5f264c481eaE1d,B0B2931FCV
RA893,4.4,"3,029",8cF0b6cd2E93c00,B09TMZ1MF8
RA894,4.2,"2,628",d2e4F8EEEFD262C,B07VV37FT4
RA895,4.4,"24,780",2Ea64a27cDd5eA7,B07P681N66
RA896,4.4,"10,718",Fd1aC693903c1f6,B07JB2Y4SR
RA897,4.2,"6,233",04ea8cfaB87DcDb,B08KRMK9LZ
RA898,4.5,"10,541",B67f0bC593dE9e4,B08LT9BMPP
RA899,4.3,"8,188",B31c210B2D05ed0,B082T6V3DT
RA900,3.8,"10,751",4effbb015B8BD82,B0814ZY6FP
RA901,3.9,817,5FD087094D61F20,B09F3PDDRF
RA902,4,"36,384",83bfC38Cc08BbF7,B07X963JNS
RA903,4.1,"3,606",FE5c66EBEb3bBF4,B09LD3116F
RA904,4.4,357,5faDDad87B098f7,B08Y5QJTVK
RA905,4.4,"10,170",A81492Ad5F9AcdF,B00LY1FN1K
RA906,4.4,"4,598",9E13f2c2a68E9d1,B07DJ5KYDZ
RA907,3.5,"7,222",849E8AF7D48dA2c,B009LJ2BXA
RA908,4.5,"1,271",65EbC9707a2E4a1,B09BVCVTBC
RA909,4.1,314,F5f264c481eaE1d,B0BFWGBX61
RA910,4.4,"3,219",8cF0b6cd2E93c00,B07SY4C3TD
RA911,4.1,"38,879",d2e4F8EEEFD262C,B094JB13XL
RA912,4.2,"4,541",2Ea64a27cDd5eA7,B08CRRQK6Z
RA913,4.2,"76,042",Fd1aC693903c1f6,B08MTLLSL8
RA914,4.3,485,04ea8cfaB87DcDb,B08Y57TPDM
RA915,4.3,"44,696",B67f0bC593dE9e4,B09CYTJV3N
RA916,3.7,"8,566",B31c210B2D05ed0,B07GLNJC25
RA917,3.9,"13,049",4effbb015B8BD82,B08FY4FG5X
RA918,4.5,"16,680",5FD087094D61F20,B07TMCXRFV
RA919,4.1,"97,174",83bfC38Cc08BbF7,B01FSYQ2A4
RA920,4,"3,686",FE5c66EBEb3bBF4,B00LZPQVMK
RA921,3.8,594,5faDDad87B098f7,B08X77LM8C
RA922,3.4,"12,185",14Ff4b63A2fecF4,B01EJ5MM5M
RA923,4.3,"2,623",8d32c2fcD809843,B08J82K4GX
RA924,4.3,"9,701",bdd60975F95e13f,B07Z1Z77ZZ
RA925,4.3,"15,867",8F0BfBe3D4CD58d,B00DJ5N9VK
RA926,4.2,656,3d50150d02477c6,B0B4DT8MKT
RA927,4.1,"10,725",fAae57eb4aa316c,B08FGNPQ9X
RA928,4,"3,025",aECaF271AdE58AD,B07NTKGW45
RA929,4.3,"7,064",A8d84178dAA908d,B08CDKQ8T6
RA930,4,"5,736",41FB63B1bcA71F6,B08J4PL1Z3
RA931,4.1,"72,563",D3eAf74eb27fa9f,B07XJWTYM2
RA932,4,"1,026",6E4cC7efA8baaf5,B09939XJX8
RA933,3.8,"2,043",afe2C0C71D31209,B09MDCZJXS
RA934,4.2,"4,149",ed6F250BBf1b87F,B08CTQP51L
RA935,4.3,74,09cc751fF83BE5e,B0BG62HMDJ
RA936,4.4,"41,398",4126aEFff163e5c,B08GTYFC37
RA937,4.1,"5,195",6D9bF63d3DA044d,B08SBH499M
RA938,4.5,"22,420",d83A31462C8dd34,B08FYB5HHK
RA939,4,"1,313",0507bEE6705B1Be,B0994GFWBH
RA940,4.2,"2,284",DA33E4eb08D82e1,B0B5GJRTHB
RA941,3.9,427,CC9EFA9ead50cc4,B09GBBJV72
RA942,4.3,"1,367",f7Ad0BBbbBa05dC,B07P434WJY
RA943,4,"13,199",A35A5CdBE8168b2,B07T9FV9YP
RA944,4.2,"29,746",dfD2d1faCa759df,B01GGKZ0V6
RA945,4.3,"2,806",ce24B24fe544a83,B08WKFSN84
RA946,4.2,"30,355",Ee40F4dbAD2C1b3,B09TBCVJS3
RA947,4.2,"2,868",4Aa0DeFBCfFbADe,B08TR61BVK
RA948,4.1,670,f41dF8Fd2aF69d5,B0B2CPVXHX
RA949,4.3,"3,530",4d9c154a6FBB4d9,B08XNL93PL
RA950,4.3,"6,183",5bbB2caA615b33c,B088GXTJM3
RA951,4.2,419,923C0eEC7aa5F0B,B099S26HWG
RA952,4.5,"7,317",EceFB65BD36e2bD,B08461VC1Z
RA953,4.4,"4,426",Cde0069a9554Da9,B00K32PEW4
RA954,4.2,"45,237",FaE1D17e7fC1dc8,B09F9YQQ7B
RA955,4.1,"1,092",E3D5B6ee13A76eE,B07LFWP97N
RA956,4.3,"2,493",101a9f2F128dbef,B0746N6WML
RA957,4.4,"12,679",f838D73a1AcA4dd,B07W9KYT62
RA958,4.1,210,D1ffc455BE1ab2e,B0B5ZF3NRK
RA959,3.6,"4,199",7ffdc6cfcB8bEf6,B08D9MNH4B
RA960,4,"14,403",eE322ffA75afC89,B078G6ZF5Z
RA961,4,"11,113",fA5FF5fbE098ea7,B09MKG4ZCM
RA962,4.4,"10,773",15f4FAF78D4db6f,B07RZZ1QSW
RA963,3.9,"6,491",49c9b3729D9040E,B08BCKN299
RA964,4.3,"13,944",575AE57b2ad64c3,B07222HQKP
RA965,4.6,"10,760",87D7420354C5dC0,B00NFD0ETQ
RA966,4.4,"25,996",1eaF40D3aDb4551,B075DB1F13
RA967,4.5,"16,146",29E25A66Df915b1,B0148NPH9I
RA968,3.9,"8,280",b9Be8b78fdc6855,B01JOFKL0A
RA969,4.1,450,ebbFccF9776b1C5,B09Q8HMKZX
RA970,4.3,"14,237",bFdD0b5D6Be5Ee4,B079S811J3
RA971,4.5,"20,668",93eb5Bf642f92A7,B0083T231O
RA972,4.5,"1,674",FFD36b8448435a7,B086PXQ2R4
RA973,3.6,"7,689",cCdfaCc7961eEC7,B07L1N3TJX
RA974,4.1,"5,554",3932C8cbB30Ed0a,B07YFWVRCM
RA975,4.3,"20,053",6b2Ba7d88bDdA21,B01GGKYKQM
RA976,3.8,"3,344",35F1d7ACF1E98ee,B08TDJ5BVF
RA977,4.6,"2,886",bF1a8C40ECc7a69,B09XXZXQC1
RA978,4.1,"98,250",C9966eCAbd5F1AC,B083T5G5PM
RA979,4,75,BF1d01C90A54dE7,B0BHVPTM2C
RA980,4.5,149,BF1d01C90A54dE7,B0B86CDHL1
RA981,4.3,"2,585",5Cf3dD6b28B7006,B01NBX5RSB
RA982,4,"5,072",ffB8FB3589eEd0b,B08MWJTST6
RA983,4.5,"5,985",ADed0c1b093d89A,B07R99NBVB
RA984,4,"7,732",1b8bd557eeccBb4,B08R69VDHT
RA985,4.5,"9,427",7D0cE91963E42Ec,B00LY12TH6
RA986,4.1,"1,780",Df3E1f93B7B5be7,B09RWZRCP1
RA987,4.3,"2,301",DCA6cFefcbd8e58,B08497Z1MQ
RA988,4.1,"2,535",32625aFEdBf4f62,B07KNM95JK
RA989,4,691,ef968C34824a798,B09Q3M3WLJ
RA990,4.1,"2,740",1c98Da1cbab2Ff9,B09B9SPC7F
RA991,4.1,602,1C4B0BfBDe9f77c,B09CMP1SC8
RA992,4.4,"3,482",EacdbFBC2D60aB1,B099SD8PRP
RA993,4,"1,423",5eCa666ecDdBD51,B09YLXYP7Y
RA994,4.1,"6,199",FBC86d9B2Cd7F15,B00S2SEV7K
RA995,4.4,"1,667",b58f2D9DeB0FD9e,B08WKCTFF3
RA996,4.3,"4,723",af6D924AABa015e,B08498D67S
RA997,4.2,"22,860",BEB593136e76a70,B00C3GBCIS
RA998,3.6,"13,572",Eedaa2Cf4efa503,B00URH5E34
RA999,4.2,"16,182",7DdA048afAc78bE,B00EYW1U68
RA1000,4.2,"2,908",D4e86cFdDb63413,B08SMJT55F
RA1001,3.9,536,d64aAa813DebAb4,B0B2DJDCPX
RA1002,4.2,"2,375",be4f53D0ed6aa57,B08Y7MXFMK
RA1003,4.5,"4,951",fFd1Cd01F444c5B,B086Q3QMFS
RA1004,4.3,408,3cBb4ef80f50f64,B08498H13H
RA1005,4.2,"1,926",8f3acF81847CBEc,B07LFQLKFZ
RA1006,4.1,"4,798",Fb445762eAfFCec,B00LY17RHI
RA1007,4.1,"7,333",b5988BAea396458,B07W14CHV8
RA1008,4.6,245,55ccE335EaAD335,B0B9BXKBC7
RA1009,3.8,"3,652",A70fcbC0Af58085,B09F5Z694W
RA1010,4.3,"2,515",EF2ae2Fc40fBAef,B0B25LQQPC
RA1011,4.2,"10,576",23C14E030BDCE52,B07GVGTSLN
RA1012,4.2,"4,959",fcfe25172EED2b8,B01LYLJ99X
RA1013,4.4,"2,111",FCC4E2AaF36C084,B014SZPBM4
RA1014,3.9,"1,462",C63a4C5e8Ef1eE9,B08CZHGHKH
RA1015,4,323,083E212Babb5CaC,B0B2RBP83P
RA1016,4.2,"91,188",FbBDaFb4B4E71Ac,B078W65FJ7
RA1017,3.7,418,42a7A7feEfFA7Db,B08S74GTBT
RA1018,4.5,"1,526",Ddaed446bBefDbd,B0B9BD2YL4
RA1019,4.5,127,c7FE37C2b87dC2A,B0BMXMLSMM
RA1020,3.6,"10,134",c6E0fcBebfbd29C,B0141EZMAI
RA1021,4.3,"1,552",3eeEafAaE0E89Dc,B07QMRHWJD
RA1022,4.1,"25,262",1aB92f532B21cea,B07W7Z6DVL
RA1023,3.9,"1,23,365",6f33e0E021C7C72,B07WMS7TWB
RA1024,3.6,"13,300",eeeBFd34dc0cdcc,B00H47GVGY
RA1025,4,"18,543",2d7d4aCdDc4D10e,B07VX71FZP
RA1026,4.1,"3,578",88eD74b3aFbEfaC,B07NCKMXVZ
RA1027,3.7,"2,031",0F4A11a64a3eb31,B0B61DSF17
RA1028,3.9,"44,994",7D07A123cDaebfB,B07VQGVL68
RA1029,4.1,"2,70,563",83Fe5bde1eCd27a,B01LWYDEQ7
RA1030,3.9,"31,783",eECEfa2B5C9Fe48,B07VNFP3C2
RA1031,3.9,"2,602",3A0AbFFB99A3ACB,B00LUGTJGO
RA1032,3.9,"63,350",fEbD9DF696e83E4,B01MQZ7J8K
RA1033,3.8,"54,032",FDa1b21fe9b9EB0,B01GFTEV5Y
RA1034,3.8,"15,592",5e835cb625CfCeD,B00NW4UWN6
RA1035,4.1,"4,859",bbf46abB7D7DF3F,B01NCVJMKX
RA1036,4.1,"14,120",bbE9C0B6e5ff0DF,B00O24PUO6
RA1037,3.3,"8,427",8a4d8eFE2F552D8,B07GXPDLYQ
RA1038,4.2,"23,316",c4DeaD0959D7C06,B01C8P29N0
RA1039,4,"6,530",3011adBC97dC143,B08KDBLMQP
RA1040,4.3,"11,924",d8cee1cC8A1C6Fb,B078JDNZJ8
RA1041,4,"2,961",edc646126B41eb6,B01M5F614J
RA1042,4.5,"23,484",C1E9Abf3AF2Ae02,B083GKDRKR
RA1043,4.1,"21,783",Bf3B8dE1B93A6d4,B097R2V1W8
RA1044,4,"14,030",f8FA5cbb5BD2E54,B07YR26BJ3
RA1045,4.2,"6,398",A7cAd49d9E61Ac4,B097R45BH8
RA1046,3.8,"44,050",bA829972bFc6fc9,B09X5C9VLK
RA1047,4.2,"24,247",6b86dEADBadfEb1,B01C8P29T4
RA1048,4.2,"41,349",B5fdfe80E372FDb,B00HVXS7WC
RA1049,3.6,"1,074",5Da583a3aA4aCBA,B096YCN3SD
RA1050,3.8,"1,163",cfC51Eb78eBbc9d,B09LQH3SD9
RA1051,4.1,257,25C7833cD3782C1,B09KNMLH4Y
RA1052,4.1,"36,017",bFedD64adf4C5Bc,B00ABMASXG
RA1053,4.1,"8,090",e4C0A6B675B3E0c,B07QDSN9V6
RA1054,4.1,"31,388",AdC8B0f05fecE4C,B00YMJ0OI8
RA1055,4.2,136,4cA2AFff4CB33eF,B0B8XNPQPN
RA1056,4,"5,380",4fA018fb372a8EF,B0814P4L98
RA1057,4.3,"37,974",dD3e50df682dA1C,B008QTK47Q
RA1058,4.2,"17,218",0eD7Cc1F849CD62,B088ZTJT2R
RA1059,4.2,900,e83cf24520FBeb8,B0BK1K598K
RA1060,3.7,976,2d2CaE9aaDebCcA,B09Y5FZK9N
RA1061,4.1,"4,927",CF5EDe060e5fCA5,B09J2SCVQT
RA1062,4.4,"3,543",5DFeEaDE4CAa019,B00TDD0YM4
RA1063,3.8,"2,732",2497DfA1EbF2dec,B078KRFWQB
RA1064,4,"14,368",c7Ff4269Dad0642,B07SRM58TP
RA1065,4.2,"39,724",a767e55C67eb8f6,B00EDJJ7FS
RA1066,3.8,"9,791",8b019Fc206f7601,B0832W3B7Q
RA1067,4.2,"2,891",C4ccFC3c6E255ea,B07WNK1FFN
RA1068,4,"2,446",afe3Dd2df8dBc9d,B009P2LK08
RA1069,3.9,"25,340",CaF3696521b1Ec9,B07DGD4Z4C
RA1070,4.3,"3,096",5eCB0c0fc9e3B15,B07GMFY9QM
RA1071,3.8,4,d6b82c7FFA07DAD,B0BGPN4GGH
RA1072,4,119,B97ed75eACCf993,B0B2DZ5S6R
RA1073,4.2,"40,106",36CEe6bC3bC0864,B07S851WX5
RA1074,4.2,"13,029",045ACDE7B2c6f7f,B01MY839VW
RA1075,3.6,291,cC244d59b1fcBB1,B09LV1CMGH
RA1076,4.3,"15,453",aF294aE75f4fe3c,B01EY310UM
RA1077,4,604,5F929CC62eeDFBf,B09NL7LBWT
RA1078,4.2,"46,647",aa59377Df120fF5,B008YW8M0G
RA1079,4.1,"3,233",1bC1BF42ef9fFA0,B097R3XH9R
RA1080,4,"1,282",74ff44FDA78e9FE,B08TM71L54
RA1081,4.3,70,aa83eFC5EbF7706,B0BPBXNQQT
RA1082,4,"26,164",f9f5D3dCb425E5a,B00W56GLOQ
RA1083,3.9,"16,166",5778EEEd2d6f23c,B0883KDSXC
RA1084,4.2,"35,693",5a92768EE067db8,B078V8R9BS
RA1085,4.1,"14,391",4B27EC39Ab83D9E,B08GSQXLJ2
RA1086,4.4,"7,946",A5dedAeEf108aAd,B01M5B0TPW
RA1087,4,"1,765",C05fd16Bf9Ca3E3,B082KVTRW8
RA1088,3.8,"14,062",eb8a292F27CCF4b,B08CFJBZRK
RA1089,4,"15,646",17f1B041b0bc58B,B07H3WDC4X
RA1090,3.1,111,BAf22D8FEFe1Cac,B09ZTZ9N3Q
RA1091,4.3,"9,695",803579cd2cDDCb6,B083P71WKK
RA1092,4.2,"1,772",825e0B3FA7FBa23,B097R4D42G
RA1093,4.4,"11,499",63E4F5ff5Eb58A1,B07MKMFKPG
RA1094,4.1,"2,162",C92E39b2eBE7215,B0949FPSFY
RA1095,4.2,"19,621",ef2E35aaBbd01D2,B08F47T4X5
RA1096,4.1,"19,998",8A499D4D82EeaC8,B01M0505SJ
RA1097,4.1,"1,051",b82cDFA96Cf8353,B08D6RCM3Q
RA1098,4.1,"1,716",1DF7EEa5FDbA75b,B009P2LITG
RA1099,3.9,"32,931",9Ebe23dfA713FCa,B00V9NHDI4
RA1100,3.9,"17,424",Afe26be40aaE9BE,B07WGPBXY9
RA1101,3.8,"1,889",3DE998ecAD1ABB8,B00KRCBA6E
RA1102,4,"10,324",544F80dFf8E8fd8,B0B3X2BY3M
RA1103,4.2,"5,355",b9b8275F1A5Cf97,B00F159RIK
RA1104,4.1,"3,366",f900721a6CAD4bc,B08MV82R99
RA1105,4.3,"1,017",D272FbdC55e3947,B09VKWGZD7
RA1106,3.7,787,D2FbAeD7Ba92C14,B009P2LK80
RA1107,4.2,"18,462",E37eEbA83Bb9C7c,B00A7PLVU6
RA1108,4.3,629,eF265Ffe5F32251,B0B25DJ352
RA1109,4.3,"15,276",a8fEbbf214fd0cc,B013B2WGT6
RA1110,4.4,"2,981",C24caA81ad61d6c,B097RJ867P
RA1111,3.8,"2,466",A5a7Ad7d9b6f1B4,B091V8HK8Z
RA1112,4.5,"7,949",502bfa3399cbAdB,B071VNHMX2
RA1113,3.8,95,f6d251eD4ae024E,B08MVSGXMY
RA1114,3.8,"1,558",98f7dCef6EF92dD,B00H0B29DI
RA1115,4.1,"26,543",1083767cB9d88Cb,B01GZSQJPA
RA1116,4.1,"3,688",9a3ff6Ab5bfa0Fe,B08VGFX2B6
RA1117,3.8,"4,383",A71261AFE0bfbc0,B09GYBZPHF
RA1118,3.3,478,D0de99020DbDA12,B0B4KPCBSH
RA1119,4,237,3CC9ff0fDF8837A,B09CGLY5CX
RA1120,4.6,124,D96FEF8459EcEb0,B09JN37WBX
RA1121,3.9,"14,667",dd80974F62EA6Ac,B01I1LDZGA
RA1122,3.7,6,FFF51Fbc317d01d,B0BN2576GQ
RA1123,4.2,"4,244",4FCb5dC6F5E0814,B06XPYRWV5
RA1124,4.1,"1,017",c5Ffc6b5BE3C17c,B01N1XVVLC
RA1125,4.1,"12,999",380f4DdDC06fa82,B00O2R38C4
RA1126,3.8,311,3254Bb7DcfD7AaC,B0B2CZTCL2
RA1127,4.1,"4,238",53caa2AEC37a6eb,B00PVT30YI
RA1128,4.6,"2,781",de0dB69f8AfDBBf,B00SH18114
RA1129,4.1,"10,907",97AEFB7Ff65bCD0,B00E9G8KOY
RA1130,4.2,"13,250",b389BDfC3F2537D,B00H3H03Q4
RA1131,3.9,"43,070",b33c57ff9eE1BdC,B0756K5DYZ
RA1132,4.1,"11,828",b52146EeE2ffdf7,B0188KPKB2
RA1133,4.1,"1,240",B5C476bc39ddEbA,B091KNVNS9
RA1134,4,"20,869",EdBBe0D36479Dd7,B075JJ5NQC
RA1135,3.7,441,a88dfEeFB2BFBf0,B0B5KZ3C53
RA1136,4.1,"1,034",407cfdB94Eb54Ee,B09NTHQRW3
RA1137,4.1,"37,126",342ADDf1c69d1Cc,B008YW3CYM
RA1138,4.1,"6,355",5fe1294Eee679cf,B07QHHCB27
RA1139,3.3,12,DCFfe9Afb7c021E,B0BMFD94VD
RA1140,4.1,"13,165",CEaAfc1c3B5BBDE,B00HZIOGXW
RA1141,4.1,"1,646",fdCdfE6f31839E4,B09CKSYBLR
RA1142,4.4,"17,994",FD02e393215fa89,B072J83V9W
RA1143,4.3,610,2Fce2356EbcA054,B09MTLG4TP
RA1144,4.1,"8,866",b8bf7E6c86AE1cb,B097XJQZ8H
RA1145,3.7,"13,406",D06FDEBbfef76e8,B00935MD1C
RA1146,4.8,"53,803",397BF95DFfb95A7,B0BR4F878Q
RA1147,4.5,546,ca7AA38695e8E0B,B0B3G5XZN5
RA1148,4,"5,292",5118ccfEcCFf92F,B07WKB69RS
RA1149,4.1,444,b9c7eCDB6d34bEF,B09DL9978Y
RA1150,3.9,"4,584",56C4dDB1EB7c004,B06XMZV7RH
RA1151,4.1,"14,947",cC66f892bbaEC38,B09WMTJPG7
RA1152,4.2,"1,559",98C857b3cEC2C29,B09ZK6THRR
RA1153,4.1,"1,660",D699d92E5Fd7f3F,B07MP21WJD
RA1154,3.5,132,FFfA807FEf66F93,B09XB1R2F3
RA1155,4.3,"28,629",E2fEF1bA17A5A4B,B08Y5QJXSR
RA1156,3.9,"8,446",a778DCf5C2d3193,B07WJXCTG9
RA1157,4.2,"11,199",eEF7ea406d36dbA,B09NBZ36F7
RA1158,3.8,"1,118",E4b99e2ECD4c020,B0912WJ87V
RA1159,4.5,11,10A99b177AD1eC8,B0BMTZ4T1D
RA1160,3.8,"4,353",22f54B5EbDe3f2F,B07Z51CGGH
RA1161,4.1,185,75eff8a1c363EAe,B0BDG6QDYD
RA1162,4.2,"14,290",8CB58f03eFe6dDe,B00YQLG7GK
RA1163,4.1,"3,036",a8Eff9e04AdfC29,B00SMJPA9C
RA1164,4.2,"1,296",E1CE0D4070F76F3,B0B9RN5X8B
RA1165,4.5,19,cCF3957FbB1eEbb,B08QW937WV
RA1166,4,97,BBeBEB60E08738A,B0B4PPD89B
RA1167,4.4,"1,771",fe58c05B5AE1c72,B08GM5S4CQ
RA1168,4,"15,034",CbE7a1f6b80aD88,B00NM6MO26
RA1169,4,"3,242",A80989EE3Da7F7d,B083M7WPZD
RA1170,3.9,"2,832",7f8049e6324ED3e,B07GLSKXS1
RA1171,4,"1,498",e5169aAa0A2cE5e,B09F6KL23R
RA1172,3.8,305,c84FA04FDD3dB8C,B094G9L9LT
RA1173,4.2,"1,191",b964E7dA75A0ccE,B09FZ89DK6
RA1174,4.3,"4,049",be3E2226351DDA8,B0811VCGL5
RA1175,4.2,"3,160",F14Ae2e5EAA065a,B07FXLC2G2
RA1176,4.3,"9,650",B29FCfBfD746fF7,B01LYU3BZF
RA1177,4.2,"3,846",33e0D2Ae0edf0Fd,B083RC4WFJ
RA1178,4.4,290,2Eea6cb109d9d3A,B09SFRNKSR
RA1179,3.8,"2,206",7ea1Bb5E45FCcAD,B07NRTCDS5
RA1180,4.1,"9,349",Cb32e928AAEdf5F,B07SPVMSC6
RA1181,3.9,578,51fc98e4E80DEF6,B09H3BXWTK
RA1182,4.3,"9,331",929685f77ecba7c,B0073QGKAS
RA1183,4.4,"3,837",23b81b3c6bdB4ac,B08GJ57MKL
RA1184,3.6,"11,456",B45bA53e816bf07,B009DA69W6
RA1185,3.8,49,9B7bCbA060807BF,B099PR2GQJ
RA1186,4,"4,978",3DbcDDda3F5baFA,B08G8H8DPL
RA1187,4.1,"1,996",A3FaF059bDeF94D,B08VGM3YMF
RA1188,4.3,"1,811",e212B5C986BF9bf,B08TTRVWKY
RA1189,4,"2,198",06e3a0B88eFC96f,B07T4D9FNY
RA1190,3.9,"13,127",e2e99dEdC2f4Cad,B07RX42D3D
RA1191,4.4,"5,865",78c5CF38BFC8bFE,B08WRKSF9D
RA1192,3.7,"1,067",14BEc500d6A777d,B09R83SFYV
RA1193,3.6,"4,881",bB3D5A00BbA3bC4,B07989VV5K
RA1194,3.7,"11,217",0B8cDF820f0FEF5,B07FL3WRX5
RA1195,4,43,F806889ebb2aBdc,B0BPCJM7TB
RA1196,4.2,"4,664",101e5D1E0A29Aa3,B08H673XKN
RA1197,3.8,"2,112",cAd6fDE09dD5fef,B07DXRGWDJ
RA1198,4.2,"2,737",e090f2CAF78D1fa,B08243SKCK
RA1199,3.9,"9,019",e1a02caEc142cA6,B09SPTNG58
RA1200,4,"10,234",fd32dEA2818DdDa,B083J64CBB
RA1201,4.1,550,31349F0a8a1EA7b,B08JV91JTK
RA1202,4.8,28,5782A7007DA656B,B0BQ3K23Y1
RA1203,4.2,"1,353",815Bcc5e222Afff,B09MT94QLL
RA1204,4.1,"2,138",47fD4e56E0Be315,B07NKNBTT3
RA1205,4,"1,679",624e2aEbFf6C72b,B09KPXTZXN
RA1206,3.9,"12,837",dC8CB3EcfC6BDaA,B078HG2ZPS
RA1207,4.1,"8,873",B2EeC18aF7d7D7B,B07N2MGB3G
RA1208,4.3,"7,681",6FC2dE40aFa7ce3,B008LN8KDM
RA1209,4.1,322,D8Fab80188CfBF2,B08MZNT7GP
RA1210,4.2,"9,772",C8Aa24e3B9E8B0d,B009P2L7CO
RA1211,3.9,"18,497",5BF40306BA799d0,B07YC8JHMB
RA1212,3.7,53,eF1EdAcfc933489,B0BNQMF152
RA1213,4.1,"1,728",080F07eD9FC82ed,B08J7VCT12
RA1214,4,"2,877",cDC814CAeCFcbba,B0989W6J2F
RA1215,3.8,250,AA8127Eb6Cb62Cb,B0B84KSH3X
RA1216,4.2,"5,178",cDBacB5be591eCa,B08HLC7Z3G
RA1217,4.6,79,E3c7AD5Cde565cD,B0BN6M3TCM
RA1218,4.1,"4,157",74443F17aa0725e,B01L6MT7E0
RA1219,3.3,29,87Eab13E8b9C18a,B0B9F9PT8R
RA1220,4.2,"4,580",3782d1AbCF86496,B0883LQJ6B
RA1221,4.3,"1,404",AdF14cE45b4fd08,B099Z83VRC
RA1222,4.3,"2,810",53dC87C2Ffe6bb9,B00S9BSJC8
RA1223,4.3,7,6E8b320EdeD15Ed,B0B4SJKRDF
RA1224,4.7,"1,729",a18b1Fe5D8E0FFE,B0BM4KTNL1
RA1225,4.4,"2,116",4b2Fd6afBc2b43B,B08S6RKT4L
RA1226,3.9,463,Fb0FDba4e37AF5B,B09SZ5TWHW
RA1227,4.7,54,8dBC3De87B82F0f,B0BLC2BYPX
RA1228,4.1,"7,229",Af1431b64FE4DBF,B00P0R95EA
RA1229,3.8,"3,842",72AD1509E35FFB2,B07W4HTS8Q
RA1230,4.4,646,bbE1DDC7F7BbfDf,B078JBK4GX
RA1231,4.3,"1,802",62D4D97B24Ab5fC,B08S7V8YTN
RA1232,3.4,252,06338CDfD4a28F1,B07H5PBN54
RA1233,4.2,780,2B7daeDEDC7725D,B07YCBSCYB
RA1234,3.7,74,adDD4Da93Dc13ed,B098T9CJVQ
RA1235,4.3,"2,026",8e6aD823A6eAEcA,B01KCSGBU2
RA1236,4.3,"5,911",aFDF4aFCa7Be6EB,B095XCRDQW
RA1237,4.4,"1,964",fc93923Cdb44b48,B09CTWFV5W
RA1238,4.1,25,4C6dD9f7bcbed9d,B0B7NWGXS6
RA1239,4,"3,160",0DC4332A50d6C6F,B07DZ986Q2
RA1240,4.4,"1,558",49aD7Dfa8cD2B13,B07KKJPTWB
RA1241,3.8,"8,958",39da4E98D47D392,B071R3LHFM
RA1242,4.3,"13,251",BDE2F6eF874db60,B086X18Q71
RA1243,3.8,"1,393",e6cE2fa46D8B32f,B07WVQG8WZ
RA1244,2.3,13,1f7BECAD9ccCda1,B0BFBNXS94
RA1245,4.5,"7,241",1DB39e7Ae3Dc555,B071113J7M
RA1246,4,"16,020",D9544D1Ba89D1c8,B09YLWT89W
RA1247,3.7,"1,470",e0c4AfcBDA20BED,B0814LP6S9
RA1248,4,"3,663",A4A70f48DDD19fc,B07BKSSDR2
RA1249,4.4,638,2733BDa2cCCfDDE,B09VGS66FV
RA1250,4.1,"3,552",A64C2186EbBa7aD,B07RCGTZ4M
RA1251,4.4,"11,148",31F497BFEdea708,B0747VDH9L
RA1252,3.1,"2,449",57DAB79F18FCe13,B08XLR6DSB
RA1253,4.3,"2,299",80b4C6EdecedaB0,B08H6CZSHT
RA1254,4.4,"6,027",CdC21FA47DcA6e7,B07CVR2L5K
RA1255,4.4,461,7DDe7Fdf17fCaca,B09J4YQYX3
RA1256,4.1,282,Fe2b6Ef83499971,B0B2DD8BQ8
RA1257,4.1,"9,275",0aeF1F37663e82E,B0123P3PWE
RA1258,4,743,2b0aDCb1eFAf63E,B08HDCWDXD
RA1259,3.6,328,c8Cb9D2CcB2C3Ce,B0836JGZ74
RA1260,3.9,942,1a5052EaEA363D8,B0BCKJJN8R
RA1261,3.9,"3,815",D72c1BAdDAFfECa,B008P7IF02
RA1262,3.8,"7,988",00FFCc74aCcB5BD,B08CNLYKW5
RA1263,4.1,925,E1F9eeD16CD0B5E,B08C7TYHPB
RA1264,4.1,"4,370",A900ebAB9C1A591,B08VJFYH6N
RA1265,4.1,"7,619",F8775a0B1d3504E,B08235JZFB
RA1266,3.8,"2,593",EfB0A49ADfc3246,B078XFKBZL
RA1267,4.3,356,6Ab34FdcE8E5e02,B01M265AAK
RA1268,4.5,63,cb4F18Ba4B81649,B0B694PXQJ
RA1269,4.2,"4,740",D64bf9154BbDFe9,B00B3VFJY2
RA1270,3.9,296,09BEad84b8Dd813,B08W9BK4MD
RA1271,3.5,185,2D1a36dac6a635F,B09X5HD5T1
RA1272,4.3,"1,954",Fea1e4F704D5fAA,B08H6B3G96
RA1273,3.9,959,b588B5edb16bCfC,B09N3BFP4M
RA1274,3.9,"1,015",f9e8aeAcd5c0fbC,B09DSQXCM8
RA1275,4,"3,973",f9D2b311e232F4A,B01M69WCZ6
RA1276,4.7,"2,300",6C439Ef4D73Fbe9,B0BM9H2NY9
RA1277,4.1,203,3BEb4Fc4BacF8e5,B099FDW2ZF
RA1278,3.8,441,f28Af6808f12FaD,B0B935YNR7
RA1279,4.1,"10,308",A1C532de63DccD5,B07JGCGNDG
RA1280,|,992,6372fDD324B57Bf,B08L12N5H1
RA1281,4.1,"4,716",cb054FeD01fCCED,B07GWTWFS2
RA1282,3.9,313,02898865ef261D8,B09KRHXTLN
RA1283,3.8,166,83BE9B53aa446b7,B09H34V36W
RA1284,4.1,303,9bd61a1419db0DF,B09J2QCKKM
RA1285,4.3,562,c3928aAEf93beA7,B09XRBJ94N
RA1286,3.9,"8,095",Fbb4AA4EA3c51EB,B07SLNG3LW
RA1287,2.8,109,dEDa1a7Acf11A2f,B0BNDGL26T
RA1288,4,"15,382",e6bFE30AEf105Ab,B095PWLLY6
RA1289,4.5,"5,137",14B104A02f5a744,B07Y9PY6Y1
RA1290,4.6,124,10Ed67eBb0edBD2,B0BJ966M5K
RA1291,4.1,618,e1b5eCa0a12CBAE,B086GVRP63
RA1292,4.1,63,ecf299F385ECf3d,B08MVXPTDG
RA1293,3.4,15,fA9E5e13CECd1B1,B0BMZ6SY89
RA1294,4.6,9,4a8cd0beB6A4EdD,B09P1MFKG1
RA1295,4.2,"7,274",bFb2a3Eac67Cfd8,B01LY9W8AF
RA1296,3.9,"5,911",815cc9aF2f0DC56,B07ZJND9B9
RA1297,4.2,170,5bfb8fC7A97f05a,B0B2CWRDB1
RA1298,4.2,"3,065",BFb070aaf58CFBc,B072NCN9M4
RA1299,4.1,"1,021",58DEaeF3df1dB4D,B08SKZ2RMG
RA1300,4.8,"3,964",9Ed8D84735717F0,B0B53DS4TF
RA1301,4.4,"8,948",B08D4cD0dA26BBB,B08BJN4MP3
RA1302,4.3,97,853D8f80cFcD7bf,B0BCYQY9X5
RA1303,4.3,"7,223",ce9549Aa59E2F5A,B009UORDX4
RA1304,4,330,DEeB660E2e47C36,B08VGDBF3B
RA1305,4.3,"4,570",7fd07F597e9eE63,B012ELCYUG
RA1306,4,"4,867",0afAA5D950e833c,B07S9M8YTY
RA1307,4.4,"5,298",C6c3A5160b8dbAD,B0B19VJXQZ
RA1308,4.1,"7,786",D3B64e08A959dCA,B00SMFPJG0
RA1309,3.6,37,ACDa8Fc7ffeB1D5,B0BHYLCL19
RA1310,2,2,A0cf16C18cB09ff,B0BPJBTB3F
RA1311,4,"5,206",33f30cb71A1Ad73,B08MXJYB2V
RA1312,3.7,638,3A29b3AD81d1607,B081B1JL35
RA1313,3.8,397,B4e11acb4C6E79c,B09VL9KFDB
RA1314,3.9,326,dceA76F17F25eb5,B0B1MDZV9C
RA1315,3.1,"3,527",7bB13624aC0CF77,B08TT63N58
RA1316,3,617,1BA8b0A977e1cf5,B08YK7BBD2
RA1317,4,314,5Dcf15C6f5de2aC,B07YQ5SN4H
RA1318,4.4,535,c0fBFEbf1dDF0f6,B0B7FJNSZR
RA1319,4.1,"17,325",733fDB2EaA5eBF9,B01N6IJG0F
RA1320,3.6,91,b7Ec34eEED9D32f,B0B84QN4CN
RA1321,4.4,227,BFa21CFDb9C3EFB,B0B8ZM9RVV
RA1322,4.2,"11,957",9Aff797a95a37A7,B01892MIPA
RA1323,4.3,"7,140",ec33A8bC91BDeE4,B08ZHYNTM1
RA1324,3.8,687,D3EA0dfD2C10FC3,B09SDDQQKP
RA1325,4.1,"1,045",26130F5E00Befc7,B0B5RP43VN
RA1326,4,"11,206",4BaCCC67EaE19dc,B096NTB9XT
RA1327,4.2,561,42Fef565225BF3b,B078JF6X9B
RA1328,3.6,"1,988",d3b41f2Cc5D5955,B08CGW4GYR
RA1329,4.2,"3,740",9fb821FAC0BC4a9,B00A328ENA
RA1330,4.1,"4,401",FEB99e7C6F0be12,B0763K5HLQ
RA1331,4.2,611,C9049ef777eB985,B09PDZNSBG
RA1332,3.9,"2,162",EFD8ceDDDDBEDD0,B085LPT5F4
RA1333,4,97,BC4be0d2BF7BEAc,B0B9RZ4G4W
RA1334,4.2,"6,055",caCeDbbEc5156Fc,B0085W2MUQ
RA1335,4.2,386,e60f2f0CDFce5CB,B09474JWN6
RA1336,4.1,557,8FBbaF601F4EDbE,B09G2VTHQM
RA1337,4.4,"2,288",A6acfb993EF51cd,B07R679HTT
RA1338,4.1,"1,106",67Cbb5ae4c73f8C,B00B7GKXMG
RA1339,4.2,"11,935",b4bD8AECad1aDdA,B07H3N8RJH
RA1340,4.1,"5,059",af2AfE95DBA4e0A,B07K2HVKLL
RA1341,3.9,157,B7d8E8bdDcfBfaE,B09MQ9PDHR
RA1342,3.9,"3,584",CFe80D9710d755f,B014HDJ7ZE
RA1343,4.2,"1,899",4fa5Bb004EC00bF,B07D2NMTTV
RA1344,4.2,"15,252",83512F10e5DD9fb,B075K76YW1
RA1345,3.7,4,5df40AfE84eCDE5,B0BNLFQDG2
RA1346,3.7,"1,662",a7cfa569c8B6efa,B082ZQ4479
RA1347,3.4,422,D1EC6F296dA3cCc,B09Y358DZQ
RA1348,4.2,79,1f270C64Ffc08ab,B09M3F4HGB
RA1349,4,"5,160",1aBF7f8f5bE294c,B07VZH6ZBB
RA1350,4.1,"2,311",D3adB8EcC411db8,B07F366Z51
RA1351,3.9,588,85ea3F493C25AB6,B077BTLQ67
RA1352,4,"3,271",e7070A3300c507F,B07YSJ7FF1
RA1353,3.9,"11,004",f2897BCC311CF98,B07TXCY3YK
RA1354,4.2,"3,195",cDCf3DDf4ccf7cb,B07TC9F7PN
RA1355,4.3,"3,231",4cAb8c0eC5811B5,B09NS5TKPN
RA1356,4,"3,246",a8a585BB5EEa3cf,B00LP9RFSU
RA1357,2.6,24,dfFC3535040bB1b,B0B7L86YCB
RA1358,3.8,144,F08994bceD1c11E,B09VPH38JS
RA1359,4.5,"2,280",F1D832Ef5E7aB0F,B01MUAUOCX
RA1360,3.5,340,900810eC061e685,B09MB3DKG1
RA1361,3.9,144,Cd56CbD20AF7B9b,B08QHLXWV3
RA1362,4,727,c6b9C45cA9cCf52,B07G147SZD
RA1363,4,832,914d8639aBEcEC6,B09LH32678
RA1364,3.5,57,ddEa550d9Bf9eA9,B09R1YFL6S
RA1365,4,"1,644",5Bfef99aA5ba004,B07Q4NJQC5
RA1366,3.4,"1,066",026bDfe4Ccae53E,B097RN7BBK
RA1367,4.2,"7,968",CF48dffcfc6d7cB,B097MKZHNV
RA1368,3.8,"3,195",Fbee1BDcd39BCa2,B07LG96SDB
RA1369,4.1,"1,456",f150abFaf6Ba34C,B08KS2KQTK
RA1370,4.2,590,FC86a4DE604F44a,B095K14P86
RA1371,4.3,"1,436",EAa24E17c1796a1,B08K36NZSV
RA1372,4.2,"4,184",C6d74ed7DCc5048,B07LDPLSZC
RA1373,4.1,693,28F79B7eEc472BE,B07F1T31ZZ
RA1374,3.9,"1,306",8FeABABe65EFc47,B0BNDRK886
RA1375,3.3,8,340cB8fa6e676bE,B09ZVJXN5L
RA1376,4.3,"2,326",Fbe6BC97a0C2Ba3,B08JKPVDKL
RA1377,3.9,"1,004",7CeAEdd36dE03DE,B09JFR8H3Q
RA1378,4.3,"6,400",fD940D5Ebb44973,B07LDN9Q2P
RA1379,3.6,63,b5DB661545af8cC,B08T8KWNQ9
RA1380,3.8,"1,181",4E52dEAFFb6beF1,B07Y1RCCW5
RA1381,3.9,"1,888",c9D86f4fA51D9c4,B0762HXMTF
RA1382,4.6,"6,550",aD7d1526bEea7CE,B00K57MR22
RA1383,3.8,"1,846",8eAbA65944cC3bb,B07TTSS5MP
RA1384,3.9,"1,085",0Cb63b5E6857ceE,B09ZDVL7L8
RA1385,4.1,290,b74C5f67dE8bA4a,B09XHXXCFH
RA1386,3.6,4,B7549f2aCAbc52E,B0BL3R4RGS
RA1387,4.4,"9,734",C6CeBBaDFf5ED10,B07P1BR7L8
RA1388,4.3,"4,022",C2cAAFaE651c7b0,B078WB1VWJ
RA1389,4.7,"2,591",48A5EAA875822FB,B0BP89YBC1
RA1390,4.3,532,0D4Ce960cb41d8f,B09W9V2PXG
RA1391,3.9,260,30529EAA4a231Ef,B09XTQFFCG
RA1392,3.9,"1,672",953eBB9D79Ec1da,B08LVVTGZK
RA1393,3.7,"7,945",9E4b0DD1C2B3C75,B07J2BQZD6
RA1394,3.5,"1,367",6DB026b5cE736A5,B07HK53XM4
RA1395,4,"1,313",eEDBF12Fc97bB15,B08RDWBYCQ
RA1396,4.1,212,B954CfaA1C41133,B09FHHTL8L
RA1397,3.9,65,ecCf3AB3616FA2A,B0BHNHMR3H
RA1398,4.4,"2,737",DbaaFc709FCDf43,B07D8VBYB4
RA1399,4.3,55,EA6c4e3adcEdca3,B0B3TBY2YX
RA1400,4.5,"1,065",8EdEfEa665c6bad,B088WCFPQF
RA1401,4,"2,377",4bB6a6CBDeba5D2,B07JZSG42Y
RA1402,3.9,"2,569",F3E3daeCcfddE9A,B08YRMBK9R
RA1403,4.2,"5,967",CC9B6713dc46eA7,B00935MGHS
RA1404,4.1,"1,776",Bec98f8CeD71A6c,B07B5XJ572
RA1405,3.7,"4,200",Fe5cF5C0f05C194,B086199CWG
RA1406,4.1,297,7BFEBba0A0C6aa2,B0BBWJFK5C
RA1407,4.2,"3,858",fF7218cD464708E,B07GLS2563
RA1408,4.3,168,c0d3CeccB0473CF,B09P182Z2H
RA1409,3.6,101,5ee4c65a392e6C3,B0B59K1C8F
RA1410,4.1,"4,074",3Fece5dEfBdeAcC,B06Y36JKC3
RA1411,4.5,"1,408",f612fDc204BDfdd,B075S9FVRY
RA1412,4.2,"3,739",67d64Af2c6802dC,B08SJVD8QD
RA1413,4.3,"5,891",025Bf24de10CC49,B07FJNNZCJ
RA1414,4,777,2EE0BeFf81C3Bab,B09MFR93KS
RA1415,4.2,"14,160",F846fcB67Fc6D5e,B07Y5FDPKV
RA1416,4.2,"6,919",2141FcDE042dFdd,B0756KCV5K
RA1417,4.5,287,6D719Cd56854ff2,B0BJ6P3LSK
RA1418,3.8,287,d25fAABD069c567,B09HS1NDRQ
RA1419,4.4,388,cc3C44A42ED5ccB,B018SJJ0GE
RA1420,4.1,827,07b84cc0992C54D,B09FPP3R1D
RA1421,4.2,"4,971",03D5DDC0B1CeCa0,B01F7B2JCI
RA1422,4.3,229,4f3fDAdCAd0C8e1,B09NNZ1GF7
RA1423,4.1,"3,524",9C1EF7a9F852c81,B01CS4A5V4
RA1424,4.2,156,4A7175B251F289f,B0BL11S5QK
RA1425,4.1,490,ddc27a6FBe0cc24,B09BL2KHQW
RA1426,3.9,82,94DA9134aD18BC2,B081RLM75M
RA1427,3.9,710,5A1dd3Bc0cEF0eA,B07SYYVP69
RA1428,3.8,133,1afCB82C82Afdc9,B0BDZWMGZ1
RA1429,4.6,"2,751",2dFa57260F6c5Bb,B078JT7LTD
RA1430,3.6,771,006b6e79e0435c8,B09WF4Q7B3
RA1431,4.1,"2,536",97e1CB981A1691C,B092R48XXB
RA1432,4.2,"7,801",Ba5e827bcF8D9C1,B00KIDSU8S
RA1433,4.3,534,bcEaA988648d3E3,B0977CGNJJ
RA1434,3.9,898,BfBDc1ea1FddF9f,B08WWKM5HQ
RA1435,3.9,"1,202",Fe3a4FA84CfD3ec,B015GX9Y0W
RA1436,4,"1,108",43C3E5d800Ef8A0,B089BDBDGM
RA1437,4.4,17,eAC826eEC70c452,B0BPBG712X
RA1438,4.2,"10,429",93e256bC9aFd6ED,B00JBNZPFM
RA1439,4.5,"3,192",ecaF228ebBBDdb2,B08N6P8G5K
RA1440,4.1,"5,873",7da1EA1eCaf71A7,B07NPBG1B4
RA1441,4.1,"1,379",e7aBC4BAb40BCd7,B01MRARGBW
RA1442,4.2,"1,527",7DD3AdeEEE19C79,B07VZYMQNZ
RA1443,4.2,"2,686",d515b4413c646bb,B01L7C4IU2
RA1444,4,178,BD0bBaBd951963a,B09H7JDJCW
RA1445,4.3,"2,664",AF3f8a92eB5BC39,B07F6GXNPB
RA1446,3.6,212,b700f7Ec36DDcAd,B0B97D658R
RA1447,3.5,24,c2890efA85cA3Ba,B09NFSHCWN
RA1448,4.3,"1,868",0b9374586BC8257,B076VQS87V
RA1449,3.6,451,d4108D2fc963EED,B09LMMFW3S
RA1450,2.9,159,5dbb4Afcb541F5b,B0BBLHTRM9
RA1451,4.2,39,043Fe33e7aedBE1,B0BJYSCWFQ
RA1452,4.4,"6,531",2ddfD4bCBaca7Ae,B0187F2IOK
RA1453,4.1,222,e90BDb1cFa1072A,B0B8CB7MHW
RA1454,3.8,195,4bDfdb0Ad41DD56,B07K19NYZ8
RA1455,3.5,"2,283",d0ad5B7caCeb19b,B08ZXZ362Z
RA1456,4.1,"1,127",d3fbBBAe6860b18,B00GHL8VP2
RA1457,3.2,113,F91F83c423F5bD4,B0B9JZW1SQ
RA1458,4.4,"2,518",94fBaEc207eDdfa,B00TI8E7BI
RA1459,3.6,550,7AEb3Fb08bdbF69,B07J9KXQCC
RA1460,3.1,2,6Fb20a6538fdC32,B0B3JSWG81
RA1461,4,"1,090",8D4A1B8aDd8eCec,B08L7J3T31
RA1462,4.1,"4,118",0c4597b8DC6A7CD,B01M6453MB
RA1463,3.6,468,0C7EC6DDdbF37ce,B009P2LIL4
RA1464,4,"8,031",Bacdad22DFCC4a4,B00J5DYCCA
RA1465,4.3,"6,987",8df0CcABE5B8115,B01486F4G6
